<?xml version="1.0"?>
<?xml-stylesheet type="text/xsl" href="SimplePieGraph.xsl"?>
<sales_summary>
	<weekly_sales week_no="1">
		<product_sales product_id="TZA01" quantity="5" value="500.00"/>
		<product_sales product_id="TZA02" quantity="10" value="2500.00"/>
		<product_sales product_id="TZB01" quantity="1" value="750.00"/>
		<product_sales product_id="TZB02" quantity="2" value="1800.00"/>
		<product_sales product_id="TZC01" quantity="2" value="100.00"/>
		<product_sales product_id="TZC02" quantity="12" value="2400.00"/>
	</weekly_sales>
	<weekly_sales week_no="2">
		<product_sales product_id="TZA01" quantity="4" value="400.00"/>
		<product_sales product_id="TZA02" quantity="12" value="3000.00"/>
		<product_sales product_id="TZB01" quantity="2" value="1500.00"/>
		<product_sales product_id="TZB02" quantity="2" value="1800.00"/>
		<product_sales product_id="TZC01" quantity="1" value="50.00"/>
		<product_sales product_id="TZC02" quantity="8" value="1600.00"/>
	</weekly_sales>
	<weekly_sales week_no="3">
		<product_sales product_id="TZA01" quantity="3" value="300.00"/>
		<product_sales product_id="TZA02" quantity="10" value="2500.00"/>
		<product_sales product_id="TZB01" quantity="3" value="2250.00"/>
		<product_sales product_id="TZB02" quantity="4" value="3600.00"/>
		<product_sales product_id="TZC01" quantity="1" value="50.00"/>
		<product_sales product_id="TZC02" quantity="10" value="2000.00"/>
	</weekly_sales>
	<weekly_sales week_no="4">
		<product_sales product_id="TZA01" quantity="5" value="500.00"/>
		<product_sales product_id="TZA02" quantity="15" value="3750.00"/>
		<product_sales product_id="TZB01" quantity="5" value="3750.00"/>
		<product_sales product_id="TZB02" quantity="2" value="1800.00"/>
		<product_sales product_id="TZC01" quantity="2" value="100.00"/>
		<product_sales product_id="TZC02" quantity="6" value="1200.00"/>
	</weekly_sales>
	<weekly_sales week_no="5">
		<product_sales product_id="TZA01" quantity="3" value="300.00"/>
		<product_sales product_id="TZA02" quantity="10" value="2500.00"/>
		<product_sales product_id="TZB01" quantity="7" value="5250.00"/>
		<product_sales product_id="TZB02" quantity="2" value="1800.00"/>
		<product_sales product_id="TZC01" quantity="3" value="150.00"/>
		<product_sales product_id="TZC02" quantity="8" value="1600.00"/>
	</weekly_sales>
	<weekly_sales week_no="6">
		<product_sales product_id="TZA01" quantity="2" value="200.00"/>
		<product_sales product_id="TZA02" quantity="13" value="3250.00"/>
		<product_sales product_id="TZB01" quantity="6" value="4500.00"/>
		<product_sales product_id="TZB02" quantity="3" value="2700.00"/>
		<product_sales product_id="TZC01" quantity="6" value="300.00"/>
		<product_sales product_id="TZC02" quantity="6" value="1200.00"/>
	</weekly_sales>
</sales_summary>