<?xml version="1.0" encoding="UTF-8"?>
<allheadings>
	<headings xml:lang="en">
		<heading category="firstname">First Name</heading>
		<heading category="lastname">Last Name</heading>
		<heading category="hourlyrate">Hourly Rate</heading>
		<heading category="department">Department</heading>
	</headings>
	<headings xml:lang="fr">
		<heading category="firstname">Prénom</heading>
		<heading category="lastname">Deuxième Nom</heading>
		<heading category="hourlyrate">Taux heuree</heading>
		<heading category="department">Service</heading>
	</headings>
	<headings xml:lang="es">
		<heading category="firstname">Primero nombre</heading>
		<heading category="lastname">Segundo Nombre</heading>
		<heading category="hourlyrate">Por hora Tasa</heading>
		<heading category="department">El departamento</heading>
	</headings>
</allheadings>

