<?xml version="1.0" encoding="utf-8"?>
<employees>
	<employee>
		<employeename>John Smith</employeename>
		<hourlyrate>25</hourlyrate>
		<department>Internet</department>
		<primarylanguage>VB</primarylanguage>
		<startdate>04/22/2000</startdate>
	</employee>
	<employee>
		<employeename>Bill Jones</employeename>
		<hourlyrate>45</hourlyrate>
		<department>Accounting</department>
		<primarylanguage>ASP</primarylanguage>
		<startdate>03/06/1999</startdate>
	</employee>
	<employee>
		<employeename>Richard Manning</employeename>
		<hourlyrate>150</hourlyrate>
		<department>Internet</department>
		<primarylanguage>XML</primarylanguage>
		<startdate>03/23/2001</startdate>
	</employee>
	<employee>
		<employeename>Jack Simmons</employeename>
		<hourlyrate>4.50</hourlyrate>
		<department>Support</department>
		<primarylanguage>HTML</primarylanguage>
		<startdate>04/22/2000</startdate>
	</employee>
	<employee>
		<employeename>Walter Jackson</employeename>
		<hourlyrate>20</hourlyrate>
		<department>Internet</department>
		<primarylanguage>ASP</primarylanguage>
		<startdate>01/21/2000</startdate>
	</employee>
	<employee>
		<employeename>Bill Ratford</employeename>
		<hourlyrate>85</hourlyrate>
		<department>Sales</department>
		<primarylanguage>COBOL</primarylanguage>
		<startdate>01/12/2001</startdate>
	</employee>
	<employee>
		<employeename>Bill Snakeson</employeename>
		<hourlyrate>95</hourlyrate>
		<department>Sales</department>
		<primarylanguage>HTML</primarylanguage>
		<startdate>06/01/2000</startdate>
	</employee>
	<employee>
		<employeename>Jessy Hammonds</employeename>
		<hourlyrate>120</hourlyrate>
		<department>Internet</department>
		<primarylanguage>XSL</primarylanguage>
		<startdate>07/01/2000</startdate>
	</employee>
	<employee>
		<employeename>Mark Garmand</employeename>
		<hourlyrate>29</hourlyrate>
		<department>Research</department>
		<primarylanguage>HTML</primarylanguage>
		<startdate>04/22/2000</startdate>
	</employee>
	<employee>
		<employeename>Robert Witherford</employeename>
		<hourlyrate>90</hourlyrate>
		<department>Engineering</department>
		<primarylanguage>C++</primarylanguage>
		<startdate>03/22/2000</startdate>
	</employee>
	<employee>
		<employeename>Dennis Hammer</employeename>
		<hourlyrate>50</hourlyrate>
		<department>Internet</department>
		<primarylanguage>HTML</primarylanguage>
		<startdate>04/21/1999</startdate>
	</employee>
	<employee>
		<employeename>Jim Miller</employeename>
		<hourlyrate>12</hourlyrate>
		<department>Support</department>
		<primarylanguage>HTML</primarylanguage>
		<startdate>02/28/2000</startdate>
	</employee>
	<employee>
		<employeename>Walter Duncan</employeename>
		<hourlyrate>40</hourlyrate>
		<department>Internet</department>
		<primarylanguage>ASP</primarylanguage>
		<startdate>08/16/2000</startdate>
	</employee>
	<employee>
		<employeename>Jack Sanford</employeename>
		<hourlyrate>35</hourlyrate>
		<department>Sales</department>
		<primarylanguage>ASP</primarylanguage>
		<startdate>05/12/1999</startdate>
	</employee>
	<employee>
		<employeename>Mark Henson</employeename>
		<hourlyrate>25</hourlyrate>
		<department>Sales</department>
		<primarylanguage>ADA</primarylanguage>
		<startdate>03/16/1998</startdate>
	</employee>
	<employee>
		<employeename>Mark Donalds</employeename>
		<hourlyrate>100</hourlyrate>
		<department>Internet</department>
		<primarylanguage>XML</primarylanguage>
		<startdate>01/29/2001</startdate>>
	</employee>
</employees>
