﻿<?xml version="1.0" encoding="utf-8"?>
<transactions>
	<transaction description="transaction #1" startdate="2001-01-05T04:05:53 PM" enddate="2001-01-12T10:03:53 PM"/>
	<transaction description="transaction #2" startdate="2001-06-13T03:04:24 AM" enddate="2001-06-13T10:02:31 PM"/>
	<transaction description="transaction #3" startdate="2001-09-15T12:02:34 AM" enddate="2001-10-07T10:06:20 PM"/>
	<transaction description="transaction #4" startdate="2001-12-03T09:04:50 PM" enddate="2002-02-16T10:09:59 PM"/>
	<transaction description="transaction #5" startdate="2001-02-05T10:01:47 AM" enddate="2001-04-12T10:49:36 PM"/>
	<transaction description="transaction #6" startdate="2001-10-13T05:11:13 PM" enddate="2002-01-13T10:23:41 PM"/>
	<transaction description="transaction #7" startdate="2001-11-15T01:10:52 AM" enddate="2001-12-07T10:45:47 PM"/>
	<transaction description="transaction #8" startdate="2001-05-03T08:09:20 PM" enddate="2001-07-16T10:09:12 PM"/>
	<transaction description="transaction #9" startdate="2001-03-05T08:03:29 PM" enddate="2001-04-12T10:10:23 PM"/>
	<transaction description="transaction #10" startdate="2001-12-13T08:01:15 PM" enddate="2001-12-13T10:19:54 PM"/>
	<transaction description="transaction #11" startdate="2001-05-15T07:11:52 PM" enddate="2001-06-07T10:13:23 PM"/>
	<transaction description="transaction #12" startdate="2001-06-03T07:12:21 PM" enddate="2001-08-16T10:44:34 PM"/>
</transactions>