<?xml version="1.0" encoding="utf-8"?>
<employees>
	<employee>
		<employeename type="INPUT" desc="Employee Name" size="30">John Smith</employeename>
		<hourlyrate type="input" desc="Hourly Rate" size="12">25</hourlyrate>
		<department type="input" desc="Department" size="20">Internet</department>
		<nativelanguage type="input" desc="Spoken Language" size="25">English</nativelanguage>>
		<primarylanguage type="input" desc="Programming Language" size="25">Visual Basic</primarylanguage>
	</employee>
</employees>
