<?xml version="1.0" encoding="utf-8"?>
<weather>
	<temperatures city="Miami">
		<temperature date="01/21/2001">67</temperature>
		<temperature date="01/22/2001">70</temperature>
		<temperature date="01/23/2001">72</temperature>
		<temperature date="01/24/2001">62</temperature>
		<temperature date="01/25/2001">65</temperature>
		<temperature date="01/26/2001">65</temperature>
		<temperature date="01/27/2001">66</temperature>
		<temperature date="01/28/2001">78</temperature>
	</temperatures>
	<temperatures city="New York">
		<temperature date="01/21/2001">42</temperature>
		<temperature date="01/22/2001">41</temperature>
		<temperature date="01/23/2001">45</temperature>
		<temperature date="01/24/2001">50</temperature>
		<temperature date="01/25/2001">31</temperature>
		<temperature date="01/26/2001">40</temperature>
		<temperature date="01/27/2001">42</temperature>
		<temperature date="01/28/2001">47</temperature>
	</temperatures>
	<temperatures city="Boston">
		<temperature date="01/21/2001">22</temperature>
		<temperature date="01/22/2001">24</temperature>
		<temperature date="01/23/2001">23</temperature>
		<temperature date="01/24/2001">30</temperature>
		<temperature date="01/25/2001">12</temperature>
		<temperature date="01/26/2001">10</temperature>
		<temperature date="01/27/2001">28</temperature>
		<temperature date="01/28/2001">22</temperature>
	</temperatures>
</weather>
