<?xml version="1.0" encoding="utf-8"?>
<results nation="English" league="Premiership" sponsor="FA Barclaycard" season="01/02">
	<result date="2001-08-18" attendance="20451">
		<home team="Charlton Athletic" score="1">
			<scorer name="Johansson" min="58" />
		</home>
		<away team="Everton" score="2">
			<scorer name="Ferguson" min="65" type="pen" />
			<scorer name="Weir" min="77" />
		</away>
	</result>
	<result date="2001-08-18" attendance="28236">
		<home team="Derby County" score="2">
			<scorer name="Ravanelli" min="45" />
			<scorer name="Christie" min="65" />
		</home>
		<away team="Blackburn Rovers" score="1">
			<scorer name="Blake" min="72" />
		</away>
	</result>
	<result date="2001-08-18" attendance="39715">
		<home team="Leeds United" score="2">
			<scorer name="Bowyer" min="67" />
			<scorer name="Smith" min="80" />
		</home>
		<away team="Southampton" score="0" />
	</result>
	<result date="2001-08-18" attendance="19987">
		<home team="Leicester City" score="0" />
		<away team="Bolton Wanderers" score="5">
			<scorer name="Nolan" min="15" />
			<scorer name="Nolan" min="41" />
			<scorer name="Ricketts" min="33" />
			<scorer name="Frandsen" min="45" />
			<scorer name="Frandsen" min="83" />
		</away>
	</result>
	<result date="2001-08-18" attendance="43935">
		<home team="Liverpool" score="2">
			<scorer name="Owen" min="19" />
			<scorer name="Owen" min="78" />
		</home>
		<away team="West Ham United" score="1">
			<scorer name="Di Canio" min="29" type="pen" />
		</away>
	</result>
	<result date="2001-08-18" attendance="31557">
		<home team="Middlesbrough" score="0" />
		<away team="Arsenal" score="4">
			<scorer name="Henry" min="43" />
			<scorer name="Pires" min="86" type="pen" />
			<scorer name="Bergkamp" min="88" />
			<scorer name="Bergkamp" min="89" />
		</away>
	</result>
	<result date="2001-08-18" attendance="47370">
		<home team="Sunderland" score="1">
			<scorer name="Phillips" min="37" type="pen" />
		</home>
		<away team="Ipswich Town" score="0" />
	</result>
	<result date="2001-08-18" attendance="36059">
		<home team="Tottenham Hotspur" score="0" />
		<away team="Aston Villa" score="0" />
	</result>
	<result date="2001-08-19" attendance="40124">
		<home team="Chelsea" score="1">
			<scorer name="Zenden" min="8" />
		</home>
		<away team="Newcastle United" score="1">
			<scorer name="Acuna" min="77" />
		</away>
	</result>
	<result date="2001-08-19" attendance="67534">
		<home team="Manchester United" score="3">
			<scorer name="Beckham" min="35" />
			<scorer name="Van Nistelrooy" min="51" />
			<scorer name="Van Nistelrooy" min="53" />
		</home>
		<away team="Fulham" score="2">
			<scorer name="Saha" min="4" />
			<scorer name="Saha" min="47" />
		</away>
	</result>
	<result date="2001-08-20" attendance="29503">
		<home team="Everton" score="1">
			<scorer name="Ferguson" min="62" type="pen" />
		</home>
		<away team="Tottenham Hotspur" score="1">
			<scorer name="Anderton" min="44" />
		</away>
	</result>
	<result date="2001-08-21" attendance="20747">
		<home team="Bolton Wanderers" score="1">
			<scorer name="Ricketts" min="39" />
		</home>
		<away team="Middlesbrough" score="0" />
	</result>
	<result date="2001-08-21" attendance="21197">
		<home team="Ipswich Town" score="3">
			<scorer name="George" min="14" />
			<scorer name="George" min="76" />
			<scorer name="Naylor" min="48" />
		</home>
		<away team="Derby County" score="1">
			<scorer name="Ravanelli" min="84" />
		</away>
	</result>
	<result date="2001-08-21" attendance="38062">
		<home team="Arsenal" score="1">
			<scorer name="Wiltord" min="33" />
		</home>
		<away team="Leeds United" score="2">
			<scorer name="Harte" min="28" />
			<scorer name="Viduka" min="52" />
		</away>
	</result>
	<result date="2001-08-22" attendance="20197">
		<home team="Fulham" score="2">
			<scorer name="Hayles" min="70" />
			<scorer name="Saha" min="84" />
		</home>
		<away team="Sunderland" score="0" />
	</result>
	<result date="2001-08-22" attendance="29837">
		<home team="Blackburn Rovers" score="2">
			<scorer name="Beckham" min="48" type="og" />
			<scorer name="Gillespie" min="68" />
		</home>
		<away team="Manchester United" score="2">
			<scorer name="Giggs" min="20" />
			<scorer name="Beckham" min="77" />
		</away>
	</result>
	<result date="2001-08-25" attendance="37909">
		<home team="Arsenal" score="4">
			<scorer name="Ljungberg" min="17" />
			<scorer name="Wiltord" min="28" />
			<scorer name="Henry" min="77" />
			<scorer name="Kanu" min="90" />
		</home>
		<away team="Leicester City" score="0" />
	</result>
	<result date="2001-08-25" attendance="24922">
		<home team="Blackburn Rovers" score="2">
			<scorer name="Mahon" min="6" />
			<scorer name="Duff" min="70" />
		</home>
		<away team="Tottenham Hotspur" score="1">
			<scorer name="Ziege" min="89" />
		</away>
	</result>
	<result date="2001-08-25" attendance="32829">
		<home team="Everton" score="2">
			<scorer name="Campbell" min="17" />
			<scorer name="Gemmill" min="52" />
		</home>
		<away team="Middlesbrough" score="0" />
	</result>
	<result date="2001-08-25" attendance="15641">
		<home team="Fulham" score="0" />
		<away team="Derby County" score="0" />
	</result>
	<result date="2001-08-25" attendance="22804">
		<home team="Ipswich Town" score="0" />
		<away team="Charlton Athletic" score="1">
			<scorer name="Lisbie" min="85" />
		</away>
	</result>
	<result date="2001-08-25" attendance="31107">
		<home team="Southampton" score="0" />
		<away team="Chelsea" score="2">
			<scorer name="Hasselbaink" min="31" />
			<scorer name="Stanic" min="90" />
		</away>
	</result>
	<result date="2001-08-25" attendance="24517">
		<home team="West Ham United" score="0" />
		<away team="Leeds United" score="0" />
	</result>
	<result date="2001-08-26" attendance="42632">
		<home team="Aston Villa" score="1">
			<scorer name="Vassell" min="4" />
		</home>
		<away team="Manchester United" score="1">
			<scorer name="Alpay" min="90" type="og" />
		</away>
	</result>
	<result date="2001-08-26" attendance="52021">
		<home team="Newcastle United" score="1">
			<scorer name="Bellamy" min="43" />
		</home>
		<away team="Sunderland" score="1">
			<scorer name="Phillips" min="43" />
		</away>
	</result>
	<result date="2001-08-27" attendance="27205">
		<home team="Bolton Wanderers" score="2">
			<scorer name="Ricketts" min="26" />
			<scorer name="Holdsworth" min="89" />
		</home>
		<away team="Liverpool" score="1">
			<scorer name="Heskey" min="66" />
		</away>
	</result>
	<result date="2001-09-08" attendance="40855">
		<home team="Chelsea" score="1">
			<scorer name="Hasselbaink" min="30" type="pen" />
		</home>
		<away team="Arsenal" score="1">
			<scorer name="Henry" min="16" />
		</away>
	</result>
	<result date="2001-09-08" attendance="27802">
		<home team="Derby County" score="0" />
		<away team="West Ham United" score="0" />
	</result>
	<result date="2001-09-08" attendance="40153">
		<home team="Leeds United" score="0" />
		<away team="Bolton Wanderers" score="0" />
	</result>
	<result date="2001-09-08" attendance="18774">
		<home team="Leicester City" score="1">
			<scorer name="Sturridge" min="90" />
		</home>
		<away team="Ipswich Town" score="1">
			<scorer name="Stewart" min="13" />
		</away>
	</result>
	<result date="2001-09-08" attendance="44102">
		<home team="Liverpool" score="1">
			<scorer name="Gerrard" min="46" />
		</home>
		<away team="Aston Villa" score="3">
			<scorer name="Dublin" min="31" />
			<scorer name="Hendrie" min="55" />
			<scorer name="Vassell" min="86" />
		</away>
	</result>
	<result date="2001-09-08" attendance="67534">
		<home team="Manchester United" score="4">
			<scorer name="Veron" min="21" />
			<scorer name="Cole" min="40" />
			<scorer name="Fortune" min="46" />
			<scorer name="Beckham" min="90" />
		</home>
		<away team="Everton" score="1">
			<scorer name="Campbell" min="68" />
		</away>
	</result>
	<result date="2001-09-08" attendance="30004">
		<home team="Middlesbrough" score="1">
			<scorer name="Cooper" min="3" />
		</home>
		<away team="Newcastle United" score="4">
			<scorer name="Shearer" min="34" type="pen" />
			<scorer name="Shearer" min="77" />
			<scorer name="Dabizas" min="60" />
			<scorer name="Robert" min="62" />
		</away>
	</result>
	<result date="2001-09-08" attendance="45103">
		<home team="Sunderland" score="1">
			<scorer name="Quinn" min="80" />
		</home>
		<away team="Blackburn Rovers" score="0" />
	</result>
	<result date="2001-09-09" attendance="33668">
		<home team="Tottenham Hotspur" score="2">
			<scorer name="Ziege" min="76" />
			<scorer name="Davies" min="87" />
		</home>
		<away team="Southampton" score="0" />
	</result>
	<result date="2001-09-09" attendance="20451">
		<home team="Charlton Athletic" score="1">
			<scorer name="Melville" min="34" type="og" />
		</home>
		<away team="Fulham" score="1">
			<scorer name="Boa Morte" min="38" />
		</away>
	</result>
	<result date="2001-09-15" attendance="39554">
		<home team="Everton" score="1">
			<scorer name="Campbell" min="5" />
		</home>
		<away team="Liverpool" score="3">
			<scorer name="Gerrard" min="12" />
			<scorer name="Owen" min="30" type="pen" />
			<scorer name="Riise" min="52" />
		</away>
	</result>
	<result date="2001-09-15" attendance="24378">
		<home team="Bolton Wanderers" score="0" />
		<away team="Southampton" score="1">
			<scorer name="Pahars" min="77" />
		</away>
	</result>
	<result date="2001-09-15" attendance="26261">
		<home team="Derby County" score="2">
			<scorer name="Burton" min="4" />
			<scorer name="Ravanelli" min="86" type="pen" />
		</home>
		<away team="Leicester City" score="3">
			<scorer name="Sturridge" min="30" />
			<scorer name="Sturridge" min="64" />
			<scorer name="Izzet" min="90" type="pen" />
		</away>
	</result>
	<result date="2001-09-15" attendance="20805">
		<home team="Fulham" score="1">
			<scorer name="Malbranque" min="48" />
		</home>
		<away team="Arsenal" score="3">
			<scorer name="Ljungberg" min="16" />
			<scorer name="Henry" min="82" />
			<scorer name="Bergkamp" min="90" />
		</away>
	</result>
	<result date="2001-09-15" attendance="25445">
		<home team="Middlesbrough" score="2">
			<scorer name="Deane" min="31" />
			<scorer name="Johnston" min="41" />
		</home>
		<away team="West Ham United" score="0" />
	</result>
	<result date="2001-09-15" attendance="52056">
		<home team="Newcastle United" score="4">
			<scorer name="Robert" min="4" />
			<scorer name="Lee" min="33" />
			<scorer name="Dabizas" min="51" />
			<scorer name="Shearer" min="81" />
		</home>
		<away team="Manchester United" score="3">
			<scorer name="Van Nistelrooy" min="28" />
			<scorer name="Giggs" min="62" />
			<scorer name="Veron" min="64" />
		</away>
	</result>
	<result date="2001-09-16" attendance="20451">
		<home team="Charlton Athletic" score="0" />
		<away team="Leeds United" score="2">
			<scorer name="Keane" min="21" />
			<scorer name="Mills" min="62" />
		</away>
	</result>
	<result date="2001-09-16" attendance="36037">
		<home team="Tottenham Hotspur" score="2">
			<scorer name="Sheringham" min="66" />
			<scorer name="Sheringham" min="90" />
		</home>
		<away team="Chelsea" score="3">
			<scorer name="Hasselbaink" min="45" />
			<scorer name="Hasselbaink" min="81" type="pen" />
			<scorer name="Desailly" min="90" />
		</away>
	</result>
	<result date="2001-09-16" attendance="31668">
		<home team="Aston Villa" score="0" />
		<away team="Sunderland" score="0" />
	</result>
	<result date="2001-09-16" attendance="22126">
		<home team="Ipswich Town" score="1">
			<scorer name="Armstrong" min="15" />
		</home>
		<away team="Blackburn Rovers" score="1">
			<scorer name="Jansen" min="54" />
		</away>
	</result>
	<result date="2001-09-17" attendance="15412">
		<home team="Leicester City" score="1">
			<scorer name="Jones" min="8" />
		</home>
		<away team="Middlesbrough" score="2">
			<scorer name="Ince" min="84" />
			<scorer name="Greening" min="87" />
		</away>
	</result>
	<result date="2001-09-19" attendance="25949">
		<home team="Blackburn Rovers" score="1">
			<scorer name="Neill" min="85" />
		</home>
		<away team="Bolton Wanderers" score="1">
			<scorer name="Wallace" min="68" />
		</away>
	</result>
	<result date="2001-09-19" attendance="47310">
		<home team="Sunderland" score="1">
			<scorer name="Phillips" min="78" />
		</home>
		<away team="Tottenham Hotspur" score="2">
			<scorer name="Ziege" min="26" />
			<scorer name="Sheringham" min="60" />
		</away>
	</result>
	<result date="2001-09-22" attendance="38014">
		<home team="Arsenal" score="1">
			<scorer name="Jeffers" min="74" />
		</home>
		<away team="Bolton Wanderers" score="1">
			<scorer name="Ricketts" min="83" />
		</away>
	</result>
	<result date="2001-09-22" attendance="27732">
		<home team="Blackburn Rovers" score="1">
			<scorer name="Grabbi" min="38" />
		</home>
		<away team="Everton" score="0" />
	</result>
	<result date="2001-09-22" attendance="18918">
		<home team="Leicester City" score="0" />
		<away team="Fulham" score="0" />
	</result>
	<result date="2001-09-22" attendance="44116">
		<home team="Liverpool" score="1">
			<scorer name="Litmanen" min="57" />
		</home>
		<away team="Tottenham Hotspur" score="0" />
	</result>
	<result date="2001-09-22" attendance="67551">
		<home team="Manchester United" score="4">
			<scorer name="Johnsen" min="13" />
			<scorer name="Solskjaer" min="20" />
			<scorer name="Solskjaer" min="90" />
			<scorer name="Cole" min="89" />
		</home>
		<away team="Ipswich Town" score="0" />
	</result>
	<result date="2001-09-22" attendance="46825">
		<home team="Sunderland" score="2">
			<scorer name="Quinn" min="74" />
			<scorer name="Quinn" min="75" />
		</home>
		<away team="Charlton Athletic" score="2">
			<scorer name="Bartlett" min="10" />
			<scorer name="Brown" min="60" />
		</away>
	</result>
	<result date="2001-09-23" attendance="36767">
		<home team="Chelsea" score="2">
			<scorer name="Hasselbaink" min="3" />
			<scorer name="Hasselbaink" min="37" />
		</home>
		<away team="Middlesbrough" score="2">
			<scorer name="Stockdale" min="65" />
			<scorer name="Boksic" min="90" type="pen" />
		</away>
	</result>
	<result date="2001-09-23" attendance="39155">
		<home team="Leeds United" score="3">
			<scorer name="Bakke" min="9" />
			<scorer name="Kewell" min="73" />
			<scorer name="Kewell" min="77" />
		</home>
		<away team="Derby County" score="0" />
	</result>
	<result date="2001-09-23" attendance="28840">
		<home team="West Ham United" score="3">
			<scorer name="Hutchison" min="17" />
			<scorer name="Di Canio" min="52" />
			<scorer name="Kanoute" min="81" />
		</home>
		<away team="Newcastle United" score="0" />
	</result>
	<result date="2001-09-24" attendance="26794">
		<home team="Southampton" score="1">
			<scorer name="Pahars" min="45" />
		</home>
		<away team="Aston Villa" score="3">
			<scorer name="Boateng" min="09" />
			<scorer name="Angel" min="15" />
			<scorer name="Hadji" min="78" />
		</away>
	</result>
	<result date="2001-09-26" attendance="49185">
		<home team="Newcastle United" score="1">
			<scorer name="Solano" min="32" />
		</home>
		<away team="Leicester City" score="0" />
	</result>
	<result date="2001-09-29" attendance="24520">
		<home team="Bolton Wanderers" score="0" />
		<away team="Sunderland" score="2">
			<scorer name="Phillips" min="77" />
			<scorer name="Craddock" min="83" />
		</away>
	</result>
	<result date="2001-09-29" attendance="20451">
		<home team="Charlton Athletic" score="2">
			<scorer name="Johansson" min="44" />
			<scorer name="Bartlett" min="76" />
		</home>
		<away team="Leicester City" score="0" />
	</result>
	<result date="2001-09-29" attendance="29200">
		<home team="Derby County" score="0" />
		<away team="Arsenal" score="2">
			<scorer name="Henry" min="21" />
			<scorer name="Henry" min="62" type="pen" />
		</away>
	</result>
	<result date="2001-09-29" attendance="32049">
		<home team="Everton" score="5">
			<scorer name="Campbell" min="45" />
			<scorer name="Hutchison" min="52" type="og" />
			<scorer name="Gravesen" min="55" />
			<scorer name="Watson" min="75" />
			<scorer name="Radzinski" min="78" />
		</home>
		<away team="West Ham United" score="0" />
	</result>
	<result date="2001-09-29" attendance="26142">
		<home team="Middlesbrough" score="1">
			<scorer name="Boksic" min="75" type="pen" />
		</home>
		<away team="Southampton" score="3">
			<scorer name="Beattie" min="67" />
			<scorer name="Beattie" min="85" />
			<scorer name="Pahars" min="73" type="pen" />
		</away>
	</result>
	<result date="2001-09-29" attendance="36038">
		<home team="Tottenham Hotspur" score="3">
			<scorer name="Richards" min="16" />
			<scorer name="Ferdinand" min="25" />
			<scorer name="Ziege" min="45" />
		</home>
		<away team="Manchester United" score="5">
			<scorer name="Cole" min="46" />
			<scorer name="Blanc" min="58" />
			<scorer name="Van Nistelrooy" min="72" />
			<scorer name="Veron" min="76" />
			<scorer name="Beckham" min="87" />
		</away>
	</result>
	<result date="2001-09-30" attendance="21159">
		<home team="Fulham" score="1">
			<scorer name="Hayles" min="56" />
		</home>
		<away team="Chelsea" score="1">
			<scorer name="Hasselbaink" min="32" />
		</away>
	</result>
	<result date="2001-09-30" attendance="52095">
		<home team="Newcastle United" score="0" />
		<away team="Liverpool" score="2">
			<scorer name="Riise" min="3" />
			<scorer name="Murphy" min="86" />
		</away>
	</result>
	<result date="2001-09-30" attendance="28623">
		<home team="Aston Villa" score="2">
			<scorer name="Angel" min="46" />
			<scorer name="Vassell" min="72" />
		</home>
		<away team="Blackburn Rovers" score="0" />
	</result>
	<result date="2001-09-30" attendance="22643">
		<home team="Ipswich Town" score="1">
			<scorer name="Stewart" min="22" />
		</home>
		<away team="Leeds United" score="2">
			<scorer name="Keane" min="70" />
			<scorer name="Venus" min="86" type="og" />
		</away>
	</result>
	<result date="2001-10-13" attendance="44352">
		<home team="Liverpool" score="1">
			<scorer name="Murphy" min="69" />
		</home>
		<away team="Leeds United" score="1">
			<scorer name="Kewell" min="27" />
		</away>
	</result>
	<result date="2001-10-13" attendance="25631">
		<home team="Bolton Wanderers" score="0" />
		<away team="Newcastle United" score="4">
			<scorer name="Solano" min="42" />
			<scorer name="Robert" min="61" />
			<scorer name="Shearer" min="72" />
			<scorer name="Bellamy" min="84" />
		</away>
	</result>
	<result date="2001-10-13" attendance="20451">
		<home team="Charlton Athletic" score="0" />
		<away team="Middlesbrough" score="0" />
	</result>
	<result date="2001-10-13" attendance="40370">
		<home team="Chelsea" score="2">
			<scorer name="Hasselbaink" min="18" type="pen" />
			<scorer name="Gudjohnsen" min="44" />
		</home>
		<away team="Leicester City" score="0" />
	</result>
	<result date="2001-10-13" attendance="22820">
		<home team="Ipswich Town" score="0" />
		<away team="Everton" score="0" />
	</result>
	<result date="2001-10-13" attendance="29759">
		<home team="Southampton" score="0" />
		<away team="Arsenal" score="2">
			<scorer name="Pires" min="5" />
			<scorer name="Henry" min="73" />
		</away>
	</result>
	<result date="2001-10-13" attendance="48305">
		<home team="Sunderland" score="1">
			<scorer name="Phillips" min="83" />
		</home>
		<away team="Manchester United" score="3">
			<scorer name="Varga" min="35" type="og" />
			<scorer name="Giggs" min="58" />
			<scorer name="Cole" min="65" />
		</away>
	</result>
	<result date="2001-10-14" attendance="22712">
		<home team="Blackburn Rovers" score="7">
			<scorer name="Flitcroft" min="17" />
			<scorer name="Dunn" min="27" />
			<scorer name="Johnson" min="28" />
			<scorer name="McCann" min="62" type="og" />
			<scorer name="Tugay" min="80" />
			<scorer name="Jansen" min="82" />
			<scorer name="Hignett" min="89" />
		</home>
		<away team="West Ham United" score="1">
			<scorer name="Carrick" min="40" />
		</away>
	</result>
	<result date="2001-10-14" attendance="28579">
		<home team="Aston Villa" score="2">
			<scorer name="Vassell" min="50" />
			<scorer name="Taylor" min="60" />
		</home>
		<away team="Fulham" score="0" />
	</result>
	<result date="2001-10-15" attendance="30148">
		<home team="Tottenham Hotspur" score="3">
			<scorer name="Ferdinand" min="10" />
			<scorer name="Ziege" min="41" />
			<scorer name="Poyet" min="90" />
		</home>
		<away team="Derby County" score="1">
			<scorer name="Ravanelli" min="15" />
		</away>
	</result>
	<result date="2001-10-20" attendance="38108">
		<home team="Arsenal" score="3">
			<scorer name="Pires" min="48" />
			<scorer name="Bergkamp" min="53" />
			<scorer name="Henry" min="78" />
		</home>
		<away team="Blackburn Rovers" score="3">
			<scorer name="Gillespie" min="41" />
			<scorer name="Dunn" min="58" />
			<scorer name="Dunn" min="89" />
		</away>
	</result>
	<result date="2001-10-20" attendance="30221">
		<home team="Derby County" score="1">
			<scorer name="Ravanelli" min="15" />
		</home>
		<away team="Charlton Athletic" score="1">
			<scorer name="Euell" min="73" />
		</away>
	</result>
	<result date="2001-10-20" attendance="33352">
		<home team="Everton" score="3">
			<scorer name="Watson" min="31" />
			<scorer name="Radzinski" min="59" />
			<scorer name="Gravesen" min="62" />
		</home>
		<away team="Aston Villa" score="2">
			<scorer name="Hadji" min="71" />
			<scorer name="Schmeichel" min="90" />
		</away>
	</result>
	<result date="2001-10-20" attendance="21886">
		<home team="Leicester City" score="1">
			<scorer name="Wise" min="58" />
		</home>
		<away team="Liverpool" score="4">
			<scorer name="Fowler" min="5" />
			<scorer name="Fowler" min="43" />
			<scorer name="Fowler" min="90" />
			<scorer name="Hyypia" min="10" />
		</away>
	</result>
	<result date="2001-10-20" attendance="67559">
		<home team="Manchester United" score="1">
			<scorer name="Veron" min="25" />
		</home>
		<away team="Bolton Wanderers" score="2">
			<scorer name="Nolan" min="35" />
			<scorer name="Ricketts" min="84" />
		</away>
	</result>
	<result date="2001-10-20" attendance="25842">
		<home team="West Ham United" score="2">
			<scorer name="Kanoute" min="53" />
			<scorer name="Kanoute" min="81" />
		</home>
		<away team="Southampton" score="0" />
	</result>
	<result date="2001-10-21" attendance="17221">
		<home team="Fulham" score="1">
			<scorer name="Hayles" min="23" />
		</home>
		<away team="Ipswich Town" score="1">
			<scorer name="Wright" min="55" />
		</away>
	</result>
	<result date="2001-10-21" attendance="50593">
		<home team="Newcastle United" score="0" />
		<away team="Tottenham Hotspur" score="2">
			<scorer name="Anderton" min="8" />
			<scorer name="Poyet" min="20" />
		</away>
	</result>
	<result date="2001-10-21" attendance="40171">
		<home team="Leeds United" score="0" />
		<away team="Chelsea" score="0" />
	</result>
	<result date="2001-10-22" attendance="28432">
		<home team="Middlesbrough" score="2">
			<scorer name="Queudrue" min="2" />
			<scorer name="Boksic" min="21" />
		</home>
		<away team="Sunderland" score="0" />
	</result>
	<result date="2001-10-24" attendance="27701">
		<home team="Aston Villa" score="1">
			<scorer name="Kachloul" min="10" />
		</home>
		<away team="Charlton Athletic" score="0" />
	</result>
	<result date="2001-10-24" attendance="29614">
		<home team="Southampton" score="3">
			<scorer name="Beattie" min="13" />
			<scorer name="Pahars" min="22" />
			<scorer name="Marsden" min="51" />
		</home>
		<away team="Ipswich Town" score="3">
			<scorer name="Stewart" min="37" />
			<scorer name="Stewart" min="72" />
			<scorer name="Venus" min="64" />
		</away>
	</result>
	<result date="2001-10-24" attendance="26520">
		<home team="West Ham United" score="2">
			<scorer name="Carrick" min="4" />
			<scorer name="Kanoute" min="12" />
		</home>
		<away team="Chelsea" score="1">
			<scorer name="Hasselbaink" min="22" />
		</away>
	</result>
	<result date="2001-10-27" attendance="67555">
		<home team="Manchester United" score="1">
			<scorer name="Solskjaer" min="89" />
		</home>
		<away team="Leeds United" score="1">
			<scorer name="Viduka" min="77" />
		</away>
	</result>
	<result date="2001-10-27" attendance="33599">
		<home team="Aston Villa" score="3">
			<scorer name="Angel" min="13" />
			<scorer name="Angel" min="47" type="pen" />
			<scorer name="Vassell" min="43" />
		</home>
		<away team="Bolton Wanderers" score="2">
			<scorer name="Ricketts" min="2" />
			<scorer name="Ricketts" min="75" />
		</away>
	</result>
	<result date="2001-10-27" attendance="22887">
		<home team="Charlton Athletic" score="0" />
		<away team="Liverpool" score="2">
			<scorer name="Redknapp" min="14" />
			<scorer name="Owen" min="43" />
		</away>
	</result>
	<result date="2001-10-27" attendance="37524">
		<home team="Everton" score="1">
			<scorer name="Weir" min="51" />
		</home>
		<away team="Newcastle United" score="3">
			<scorer name="Bellamy" min="19" />
			<scorer name="Solano" min="49" />
			<scorer name="Acuna" min="86" />
		</away>
	</result>
	<result date="2001-10-27" attendance="18771">
		<home team="Fulham" score="2">
			<scorer name="Malbranque" min="25" />
			<scorer name="Malbranque" min="33" />
		</home>
		<away team="Southampton" score="1">
			<scorer name="Beattie" min="32" />
		</away>
	</result>
	<result date="2001-10-27" attendance="48029">
		<home team="Sunderland" score="1">
			<scorer name="Schwarz" min="54" />
		</home>
		<away team="Arsenal" score="1">
			<scorer name="Kanu" min="40" />
		</away>
	</result>
	<result date="2001-10-27" attendance="36062">
		<home team="Tottenham Hotspur" score="2">
			<scorer name="Sheringham" min="58" type="pen" />
			<scorer name="Ferdinand" min="61" />
		</home>
		<away team="Middlesbrough" score="1">
			<scorer name="Boksic" min="9" />
		</away>
	</result>
	<result date="2001-10-28" attendance="22834">
		<home team="Ipswich Town" score="2">
			<scorer name="Hreidarsson" min="63" />
			<scorer name="Holland" min="90" />
		</home>
		<away team="West Ham United" score="3">
			<scorer name="Di Canio" min="22" />
			<scorer name="Kanoute" min="72" />
			<scorer name="Defoe" min="90" />
		</away>
	</result>
	<result date="2001-10-28" attendance="28910">
		<home team="Derby County" score="1">
			<scorer name="Ravanelli" min="7" />
		</home>
		<away team="Chelsea" score="1">
			<scorer name="Hasselbaink" min="48" />
		</away>
	</result>
	<result date="2001-10-29" attendance="21873">
		<home team="Blackburn Rovers" score="0" />
		<away team="Leicester City" score="0" />
	</result>
	<result date="2001-11-03" attendance="20573">
		<home team="Leicester City" score="1">
			<scorer name="Akinbiyi" min="61" />
		</home>
		<away team="Sunderland" score="0" />
	</result>
	<result date="2001-11-03" attendance="27343">
		<home team="Bolton Wanderers" score="2">
			<scorer name="Frandsen" min="10" />
			<scorer name="Ricketts" min="90" />
		</home>
		<away team="Everton" score="2">
			<scorer name="Stubbs" min="44" />
			<scorer name="Gascoigne" min="57" />
		</away>
	</result>
	<result date="2001-11-03" attendance="28117">
		<home team="Middlesbrough" score="5">
			<scorer name="Nemeth" min="49" />
			<scorer name="Marinelli" min="57" />
			<scorer name="Marinelli" min="82" />
			<scorer name="Boksic" min="60" />
			<scorer name="Mustoe" min="73" />
		</home>
		<away team="Derby County" score="1">
			<scorer name="Ravanelli" min="89" />
		</away>
	</result>
	<result date="2001-11-03" attendance="51057">
		<home team="Newcastle United" score="3">
			<scorer name="Bellamy" min="37" />
			<scorer name="Bellamy" min="82" />
			<scorer name="Shearer" min="49" />
		</home>
		<away team="Aston Villa" score="0" />
	</result>
	<result date="2001-11-03" attendance="30523">
		<home team="Southampton" score="1">
			<scorer name="Pahars" min="35" />
		</home>
		<away team="Blackburn Rovers" score="2">
			<scorer name="Tugay" min="44" />
			<scorer name="Hignett" min="89" />
		</away>
	</result>
	<result date="2001-11-03" attendance="26217">
		<home team="West Ham United" score="0" />
		<away team="Fulham" score="2">
			<scorer name="Legwinski" min="43" />
			<scorer name="Malbranque" min="63" />
		</away>
	</result>
	<result date="2001-11-04" attendance="44361">
		<home team="Liverpool" score="3">
			<scorer name="Owen" min="32" />
			<scorer name="Owen" min="51" />
			<scorer name="Riise" min="39" />
		</home>
		<away team="Manchester United" score="1">
			<scorer name="Beckham" min="50" />
		</away>
	</result>
	<result date="2001-11-04" attendance="40203">
		<home team="Leeds United" score="2">
			<scorer name="Harte" min="61" />
			<scorer name="Kewell" min="82" />
		</home>
		<away team="Tottenham Hotspur" score="1">
			<scorer name="Poyet" min="52" />
		</away>
	</result>
	<result date="2001-11-04" attendance="38010">
		<home team="Arsenal" score="2">
			<scorer name="Henry" min="7" />
			<scorer name="Henry" min="60" type="pen" />
		</home>
		<away team="Charlton Athletic" score="4">
			<scorer name="Brown" min="35" />
			<scorer name="Wright" min="43" type="og" />
			<scorer name="Jensen" min="49" />
			<scorer name="Euell" min="53" />
		</away>
	</result>
	<result date="2001-11-04" attendance="40497">
		<home team="Chelsea" score="2">
			<scorer name="Zola" min="36" />
			<scorer name="Dalla Bona" min="90" />
		</home>
		<away team="Ipswich Town" score="1">
			<scorer name="Stewart" min="83" type="pen" />
		</away>
	</result>
	<result date="2001-11-17" attendance="28859">
		<home team="Blackburn Rovers" score="1">
			<scorer name="Jansen" min="52" />
		</home>
		<away team="Liverpool" score="1">
			<scorer name="Owen" min="30" />
		</away>
	</result>
	<result date="2001-11-17" attendance="35421">
		<home team="Aston Villa" score="0" />
		<away team="Middlesbrough" score="0" />
	</result>
	<result date="2001-11-17" attendance="32063">
		<home team="Derby County" score="1">
			<scorer name="Mawene" min="24" />
		</home>
		<away team="Southampton" score="0" />
	</result>
	<result date="2001-11-17" attendance="21159">
		<home team="Fulham" score="3">
			<scorer name="Saha" min="19" />
			<scorer name="Legwinski" min="28" />
			<scorer name="Hayles" min="70" />
		</home>
		<away team="Newcastle United" score="1">
			<scorer name="Speed" min="64" />
		</away>
	</result>
	<result date="2001-11-17" attendance="67651">
		<home team="Manchester United" score="2">
			<scorer name="Van Nistelrooy" min="20" />
			<scorer name="Yorke" min="49" />
		</home>
		<away team="Leicester City" score="0" />
	</result>
	<result date="2001-11-17" attendance="36049">
		<home team="Tottenham Hotspur" score="1">
			<scorer name="Poyet" min="90" />
		</home>
		<away team="Arsenal" score="1">
			<scorer name="Pires" min="81" />
		</away>
	</result>
	<result date="2001-11-18" attendance="30555">
		<home team="Everton" score="0" />
		<away team="Chelsea" score="0" />
	</result>
	<result date="2001-11-18" attendance="48005">
		<home team="Sunderland" score="2">
			<scorer name="Arca" min="48" />
			<scorer name="Phillips" min="55" />
		</home>
		<away team="Leeds United" score="0" />
	</result>
	<result date="2001-11-18" attendance="22335">
		<home team="Ipswich Town" score="1">
			<scorer name="Holland" min="45" />
		</home>
		<away team="Bolton Wanderers" score="2">
			<scorer name="Bergsson" min="6" />
			<scorer name="Ricketts" min="25" />
		</away>
	</result>
	<result date="2001-11-19" attendance="23198">
		<home team="Charlton Athletic" score="4">
			<scorer name="Euell" min="21" />
			<scorer name="Euell" min="28" />
			<scorer name="Johansson" min="51" />
			<scorer name="Johansson" min="90" />
		</home>
		<away team="West Ham United" score="4">
			<scorer name="Kitson" min="3" />
			<scorer name="Kitson" min="30" />
			<scorer name="Kitson" min="64" />
			<scorer name="Defoe" min="84" />
		</away>
	</result>
	<result date="2001-11-24" attendance="23848">
		<home team="Bolton Wanderers" score="0" />
		<away team="Fulham" score="0" />
	</result>
	<result date="2001-11-24" attendance="37978">
		<home team="Chelsea" score="0" />
		<away team="Blackburn Rovers" score="0" />
	</result>
	<result date="2001-11-24" attendance="21539">
		<home team="Leicester City" score="0" />
		<away team="Everton" score="0" />
	</result>
	<result date="2001-11-24" attendance="50070">
		<home team="Newcastle United" score="1">
			<scorer name="Shearer" min="30" type="pen" />
		</home>
		<away team="Derby County" score="0" />
	</result>
	<result date="2001-11-24" attendance="31198">
		<home team="Southampton" score="1">
			<scorer name="Pahars" min="59" />
		</home>
		<away team="Charlton Athletic" score="0" />
	</result>
	<result date="2001-11-24" attendance="32780">
		<home team="West Ham United" score="0" />
		<away team="Tottenham Hotspur" score="1">
			<scorer name="Ferdinand" min="50" />
		</away>
	</result>
	<result date="2001-11-25" attendance="43537">
		<home team="Liverpool" score="1">
			<scorer name="Heskey" min="23" />
		</home>
		<away team="Sunderland" score="0" />
	</result>
	<result date="2001-11-25" attendance="40159">
		<home team="Leeds United" score="1">
			<scorer name="Smith" min="18" />
		</home>
		<away team="Aston Villa" score="1">
			<scorer name="Kachloul" min="35" />
		</away>
	</result>
	<result date="2001-11-25" attendance="32586">
		<home team="Middlesbrough" score="0" />
		<away team="Ipswich Town" score="0" />
	</result>
	<result date="2001-11-25" attendance="38174">
		<home team="Arsenal" score="3">
			<scorer name="Ljungberg" min="48" />
			<scorer name="Henry" min="80" />
			<scorer name="Henry" min="84" />
		</home>
		<away team="Manchester United" score="1">
			<scorer name="Scholes" min="14" />
		</away>
	</result>
	<result date="2001-12-01" attendance="67544">
		<home team="Manchester United" score="0" />
		<away team="Chelsea" score="3">
			<scorer name="Melchiot" min="6" />
			<scorer name="Hasselbaink" min="64" />
			<scorer name="Gudjohnsen" min="86" />
		</away>
	</result>
	<result date="2001-12-01" attendance="30711">
		<home team="Aston Villa" score="0" />
		<away team="Leicester City" score="2">
			<scorer name="Akinbiyi" min="12" />
			<scorer name="Scowcroft" min="51" />
		</away>
	</result>
	<result date="2001-12-01" attendance="23849">
		<home team="Blackburn Rovers" score="0" />
		<away team="Middlesbrough" score="1">
			<scorer name="Boksic" min="45" />
		</away>
	</result>
	<result date="2001-12-01" attendance="24151">
		<home team="Charlton Athletic" score="1">
			<scorer name="MacDonald" min="83" />
		</home>
		<away team="Newcastle United" score="1">
			<scorer name="Speed" min="73" />
		</away>
	</result>
	<result date="2001-12-01" attendance="33289">
		<home team="Derby County" score="0" />
		<away team="Liverpool" score="1">
			<scorer name="Owen" min="6" />
		</away>
	</result>
	<result date="2001-12-01" attendance="24666">
		<home team="Ipswich Town" score="0" />
		<away team="Arsenal" score="2">
			<scorer name="Ljungberg" min="5" />
			<scorer name="Henry" min="56" type="pen" />
		</away>
	</result>
	<result date="2001-12-01" attendance="47437">
		<home team="Sunderland" score="1">
			<scorer name="Phillips" min="85" />
		</home>
		<away team="West Ham United" score="0" />
	</result>
	<result date="2001-12-02" attendance="20918">
		<home team="Fulham" score="0" />
		<away team="Leeds United" score="0" />
	</result>
	<result date="2001-12-02" attendance="28138">
		<home team="Everton" score="2">
			<scorer name="Radzinski" min="50" />
			<scorer name="Pembridge" min="87" />
		</home>
		<away team="Southampton" score="0" />
	</result>
	<result date="2001-12-03" attendance="32971">
		<home team="Tottenham Hotspur" score="3">
			<scorer name="Poyet" min="47" />
			<scorer name="Ferdinand" min="48" />
			<scorer name="Sheringham" min="86" />
		</home>
		<away team="Bolton Wanderers" score="2">
			<scorer name="Ricketts" min="8" />
			<scorer name="Wallace" min="56" />
		</away>
	</result>
	<result date="2001-12-05" attendance="33504">
		<home team="Chelsea" score="0" />
		<away team="Charlton Athletic" score="1">
			<scorer name="Lisbie" min="89" />
		</away>
	</result>
	<result date="2001-12-05" attendance="28377">
		<home team="West Ham United" score="1">
			<scorer name="Defoe" min="90" />
		</home>
		<away team="Aston Villa" score="1">
			<scorer name="Dublin" min="1" />
		</away>
	</result>
	<result date="2001-12-08" attendance="25125">
		<home team="Charlton Athletic" score="3">
			<scorer name="Stuart" min="4" />
			<scorer name="Lisbie" min="19" />
			<scorer name="Lisbie" min="78" />
		</home>
		<away team="Tottenham Hotspur" score="1">
			<scorer name="Poyet" min="85" />
		</away>
	</result>
	<result date="2001-12-08" attendance="25712">
		<home team="Derby County" score="1">
			<scorer name="Christie" min="66" />
		</home>
		<away team="Bolton Wanderers" score="0" />
	</result>
	<result date="2001-12-08" attendance="19338">
		<home team="Fulham" score="2">
			<scorer name="Hayles" min="36" />
			<scorer name="Hayles" min="50" />
		</home>
		<away team="Everton" score="0" />
	</result>
	<result date="2001-12-08" attendance="20321">
		<home team="Leicester City" score="0" />
		<away team="Southampton" score="4">
			<scorer name="Svensson" min="12" />
			<scorer name="Svensson" min="75" />
			<scorer name="Beattie" min="64" />
			<scorer name="Pahars" min="90" />
		</away>
	</result>
	<result date="2001-12-08" attendance="43674">
		<home team="Liverpool" score="2">
			<scorer name="Owen" min="27" />
			<scorer name="Berger" min="45" />
		</home>
		<away team="Middlesbrough" score="0" />
	</result>
	<result date="2001-12-08" attendance="67582">
		<home team="Manchester United" score="0" />
		<away team="West Ham United" score="1">
			<scorer name="Defoe" min="64" />
		</away>
	</result>
	<result date="2001-12-09" attendance="28309">
		<home team="Blackburn Rovers" score="1">
			<scorer name="Berg" min="83" />
		</home>
		<away team="Leeds United" score="2">
			<scorer name="Kewell" min="55" />
			<scorer name="Kewell" min="62" />
		</away>
	</result>
	<result date="2001-12-09" attendance="48017">
		<home team="Sunderland" score="0" />
		<away team="Chelsea" score="0" />
	</result>
	<result date="2001-12-09" attendance="24748">
		<home team="Ipswich Town" score="0" />
		<away team="Newcastle United" score="1">
			<scorer name="Solano" min="20" />
		</away>
	</result>
	<result date="2001-12-09" attendance="38074">
		<home team="Arsenal" score="3">
			<scorer name="Wiltord" min="46" />
			<scorer name="Henry" min="72" />
			<scorer name="Henry" min="90" />
		</home>
		<away team="Aston Villa" score="2">
			<scorer name="Merson" min="21" />
			<scorer name="Stone" min="34" />
		</away>
	</result>
	<result date="2001-12-12" attendance="37163">
		<home team="Liverpool" score="0" />
		<away team="Fulham" score="0" />
	</result>
	<result date="2001-12-12" attendance="67577">
		<home team="Manchester United" score="5">
			<scorer name="Solskjaer" min="6" />
			<scorer name="Solskjaer" min="58" />
			<scorer name="Keane" min="10" />
			<scorer name="Van Nistelrooy" min="63" />
			<scorer name="Scholes" min="89" />
		</home>
		<away team="Derby County" score="0" />
	</result>
	<result date="2001-12-15" attendance="20834">
		<home team="Bolton Wanderers" score="0" />
		<away team="Charlton Athletic" score="0" />
	</result>
	<result date="2001-12-15" attendance="30615">
		<home team="Everton" score="1">
			<scorer name="Moore" min="76" />
		</home>
		<away team="Derby County" score="0" />
	</result>
	<result date="2001-12-15" attendance="34358">
		<home team="Middlesbrough" score="0" />
		<away team="Manchester United" score="1">
			<scorer name="Van Nistelrooy" min="75" />
		</away>
	</result>
	<result date="2001-12-15" attendance="50064">
		<home team="Newcastle United" score="2">
			<scorer name="Bernard" min="65" />
			<scorer name="Speed" min="70" />
		</home>
		<away team="Blackburn Rovers" score="1">
			<scorer name="Dunn" min="34" />
		</away>
	</result>
	<result date="2001-12-15" attendance="29459">
		<home team="Southampton" score="2">
			<scorer name="Craddock" min="43" type="og" />
			<scorer name="Pahars" min="67" />
		</home>
		<away team="Sunderland" score="0" />
	</result>
	<result date="2001-12-15" attendance="36054">
		<home team="Tottenham Hotspur" score="4">
			<scorer name="Ferdinand" min="20" />
			<scorer name="Anderton" min="40" />
			<scorer name="Davies" min="71" />
			<scorer name="Rebrov" min="77" />
		</home>
		<away team="Fulham" score="0" />
	</result>
	<result date="2001-12-15" attendance="34523">
		<home team="West Ham United" score="1">
			<scorer name="Kanoute" min="36" />
		</home>
		<away team="Arsenal" score="1">
			<scorer name="Cole" min="39" />
		</away>
	</result>
	<result date="2001-12-16" attendance="38337">
		<home team="Leeds United" score="2">
			<scorer name="Kewell" min="7" />
			<scorer name="Viduka" min="59" />
		</home>
		<away team="Leicester City" score="2">
			<scorer name="Deane" min="78" />
			<scorer name="Scowcroft" min="89" />
		</away>
	</result>
	<result date="2001-12-16" attendance="41174">
		<home team="Chelsea" score="4">
			<scorer name="Le Saux" min="3" />
			<scorer name="Hasselbaink" min="28" />
			<scorer name="Dalla Bona" min="71" />
			<scorer name="Gudjohnsen" min="90" />
		</home>
		<away team="Liverpool" score="0" />
	</result>
	<result date="2001-12-17" attendance="29320">
		<home team="Aston Villa" score="2">
			<scorer name="Angel" min="44" />
			<scorer name="Angel" min="70" />
		</home>
		<away team="Ipswich Town" score="1">
			<scorer name="George" min="18" />
		</away>
	</result>
	<result date="2001-12-18" attendance="38012">
		<home team="Arsenal" score="1">
			<scorer name="Pires" min="20" />
		</home>
		<away team="Newcastle United" score="3">
			<scorer name="O'Brien" min="60" />
			<scorer name="Shearer" min="86" type="pen" />
			<scorer name="Robert" min="90" />
		</away>
	</result>
	<result date="2001-12-19" attendance="40201">
		<home team="Leeds United" score="3">
			<scorer name="Viduka" min="19" />
			<scorer name="Fowler" min="26" />
			<scorer name="Fowler" min="71" />
		</home>
		<away team="Everton" score="2">
			<scorer name="Moore" min="84" />
			<scorer name="Weir" min="90" />
		</away>
	</result>
	<result date="2001-12-22" attendance="28001">
		<home team="Derby County" score="3">
			<scorer name="Ravanelli" min="45" />
			<scorer name="Carbone" min="67" />
			<scorer name="Christie" min="87" />
		</home>
		<away team="Aston Villa" score="1">
			<scorer name="Angel" min="45" />
		</away>
	</result>
	<result date="2001-12-22" attendance="25857">
		<home team="Charlton Athletic" score="0" />
		<away team="Blackburn Rovers" score="2">
			<scorer name="Duff" min="57" />
			<scorer name="Dunn" min="90" />
		</away>
	</result>
	<result date="2001-12-22" attendance="40287">
		<home team="Leeds United" score="3">
			<scorer name="Bowyer" min="38" />
			<scorer name="Viduka" min="50" />
			<scorer name="Harte" min="56" />
		</home>
		<away team="Newcastle United" score="4">
			<scorer name="Bellamy" min="38" />
			<scorer name="Elliott" min="59" />
			<scorer name="Shearer" min="71" type="pen" />
			<scorer name="Solano" min="90" />
		</away>
	</result>
	<result date="2001-12-22" attendance="20131">
		<home team="Leicester City" score="1">
			<scorer name="Izzet" min="43" />
		</home>
		<away team="West Ham United" score="1">
			<scorer name="Di Canio" min="74" type="pen" />
		</away>
	</result>
	<result date="2001-12-22" attendance="67638">
		<home team="Manchester United" score="6">
			<scorer name="Van Nistelrooy" min="1" />
			<scorer name="Van Nistelrooy" min="34" />
			<scorer name="Van Nistelrooy" min="54" />
			<scorer name="Solskjaer" min="41" />
			<scorer name="Keane" min="72" />
			<scorer name="Phil Neville" min="78" />
		</home>
		<away team="Southampton" score="1">
			<scorer name="Pahars" min="55" />
		</away>
	</result>
	<result date="2001-12-22" attendance="48013">
		<home team="Sunderland" score="1">
			<scorer name="Reyna" min="77" />
		</home>
		<away team="Everton" score="0" />
	</result>
	<result date="2001-12-22" attendance="36040">
		<home team="Tottenham Hotspur" score="1">
			<scorer name="Davies" min="12" />
		</home>
		<away team="Ipswich Town" score="2">
			<scorer name="George" min="40" />
			<scorer name="Armstrong" min="88" />
		</away>
	</result>
	<result date="2001-12-23" attendance="34063">
		<home team="Chelsea" score="5">
			<scorer name="Gudjohnsen" min="41" />
			<scorer name="Hasselbaink" min="45" />
			<scorer name="Zenden" min="56" />
			<scorer name="Hendry" min="76" type="og" />
			<scorer name="Lampard" min="87" />
		</home>
		<away team="Bolton Wanderers" score="1">
			<scorer name="Nolan" min="3" />
		</away>
	</result>
	<result date="2001-12-23" attendance="44297">
		<home team="Liverpool" score="1">
			<scorer name="Litmanen" min="55" />
		</home>
		<away team="Arsenal" score="2">
			<scorer name="Henry" min="45" type="pen" />
			<scorer name="Ljungberg" min="53" />
		</away>
	</result>
	<result date="2001-12-26" attendance="38079">
		<home team="Arsenal" score="2">
			<scorer name="Campbell" min="49" />
			<scorer name="Wiltord" min="71" />
		</home>
		<away team="Chelsea" score="1">
			<scorer name="Lampard" min="31" />
		</away>
	</result>
	<result date="2001-12-26" attendance="27060">
		<home team="Bolton Wanderers" score="0" />
		<away team="Leeds United" score="3">
			<scorer name="Fowler" min="2" />
			<scorer name="Fowler" min="16" />
			<scorer name="Fowler" min="89" />
		</away>
	</result>
	<result date="2001-12-26" attendance="42602">
		<home team="Aston Villa" score="1">
			<scorer name="Hendrie" min="21" />
		</home>
		<away team="Liverpool" score="2">
			<scorer name="Litmanen" min="9" />
			<scorer name="Smicer" min="73" />
		</away>
	</result>
	<result date="2001-12-26" attendance="29869">
		<home team="Blackburn Rovers" score="0" />
		<away team="Sunderland" score="3">
			<scorer name="Quinn" min="17" />
			<scorer name="Quinn" min="32" />
			<scorer name="Kilbane" min="90" />
		</away>
	</result>
	<result date="2001-12-26" attendance="39948">
		<home team="Everton" score="0" />
		<away team="Manchester United" score="2">
			<scorer name="Giggs" min="78" />
			<scorer name="Van Nistelrooy" min="85" />
		</away>
	</result>
	<result date="2001-12-26" attendance="17900">
		<home team="Fulham" score="0" />
		<away team="Charlton Athletic" score="0" />
	</result>
	<result date="2001-12-26" attendance="24403">
		<home team="Ipswich Town" score="2">
			<scorer name="Marcus Bent" min="48" />
			<scorer name="Peralta" min="55" />
		</home>
		<away team="Leicester City" score="0" />
	</result>
	<result date="2001-12-26" attendance="52127">
		<home team="Newcastle United" score="3">
			<scorer name="Shearer" min="29" />
			<scorer name="Speed" min="58" />
			<scorer name="Bernard" min="83" />
		</home>
		<away team="Middlesbrough" score="0" />
	</result>
	<result date="2001-12-26" attendance="31719">
		<home team="Southampton" score="1">
			<scorer name="Beattie" min="56" />
		</home>
		<away team="Tottenham Hotspur" score="0" />
	</result>
	<result date="2001-12-26" attendance="31397">
		<home team="West Ham United" score="4">
			<scorer name="Schemmel" min="5" />
			<scorer name="Di Canio" min="73" />
			<scorer name="Sinclair" min="86" />
			<scorer name="Defoe" min="90" />
		</home>
		<away team="Derby County" score="0" />
	</result>
	<result date="2001-12-29" attendance="37948">
		<home team="Arsenal" score="2">
			<scorer name="Pires" min="55" />
			<scorer name="Cole" min="80" />
		</home>
		<away team="Middlesbrough" score="1">
			<scorer name="Whelan" min="22" />
		</away>
	</result>
	<result date="2001-12-29" attendance="41134">
		<home team="Aston Villa" score="1">
			<scorer name="Angel" min="90" type="pen" />
		</home>
		<away team="Tottenham Hotspur" score="1">
			<scorer name="Ferdinand" min="38" />
		</away>
	</result>
	<result date="2001-12-29" attendance="23529">
		<home team="Blackburn Rovers" score="0" />
		<away team="Derby County" score="1">
			<scorer name="Christie" min="40" />
		</away>
	</result>
	<result date="2001-12-29" attendance="23037">
		<home team="Bolton Wanderers" score="2">
			<scorer name="Nolan" min="34" />
			<scorer name="Ricketts" min="90" />
		</home>
		<away team="Leicester City" score="2">
			<scorer name="Ricketts" min="22" type="og" />
			<scorer name="Deane" min="27" />
		</away>
	</result>
	<result date="2001-12-29" attendance="31131">
		<home team="Everton" score="0" />
		<away team="Charlton Athletic" score="3">
			<scorer name="Stuart" min="29" />
			<scorer name="Euell" min="68" />
			<scorer name="Konchesky" min="88" />
		</away>
	</result>
	<result date="2001-12-29" attendance="24517">
		<home team="Ipswich Town" score="5">
			<scorer name="Armstrong" min="15" />
			<scorer name="Armstrong" min="27" />
			<scorer name="Gaardsoe" min="26" />
			<scorer name="George" min="31" />
			<scorer name="Clapham" min="86" />
		</home>
		<away team="Sunderland" score="0" />
	</result>
	<result date="2001-12-29" attendance="52123">
		<home team="Newcastle United" score="1">
			<scorer name="Shearer" min="37" />
		</home>
		<away team="Chelsea" score="2">
			<scorer name="Gudjohnsen" min="35" />
			<scorer name="Gudjohnsen" min="45" />
		</away>
	</result>
	<result date="2001-12-29" attendance="31622">
		<home team="Southampton" score="0" />
		<away team="Leeds United" score="1">
			<scorer name="Bowyer" min="89" />
		</away>
	</result>
	<result date="2001-12-29" attendance="35103">
		<home team="West Ham United" score="1">
			<scorer name="Sinclair" min="39" />
		</home>
		<away team="Liverpool" score="1">
			<scorer name="Owen" min="88" />
		</away>
	</result>
	<result date="2001-12-30" attendance="21159">
		<home team="Fulham" score="2">
			<scorer name="Legwinski" min="45" />
			<scorer name="Marlet" min="89" />
		</home>
		<away team="Manchester United" score="3">
			<scorer name="Giggs" min="5" />
			<scorer name="Giggs" min="47" />
			<scorer name="Van Nistelrooy" min="45" />
		</away>
	</result>
	<result date="2002-01-01" attendance="25893">
		<home team="Charlton Athletic" score="3">
			<scorer name="Robinson" min="16" />
			<scorer name="Parker" min="32" />
			<scorer name="Euell" min="61" />
		</home>
		<away team="Ipswich Town" score="2">
			<scorer name="Marcus Bent" min="1" />
			<scorer name="Marcus Bent" min="5" />
		</away>
	</result>
	<result date="2002-01-01" attendance="35156">
		<home team="Chelsea" score="2">
			<scorer name="Gudjohnsen" min="20" />
			<scorer name="Hasselbaink" min="45" />
		</home>
		<away team="Southampton" score="4">
			<scorer name="Beattie" min="7" />
			<scorer name="Beattie" min="73" />
			<scorer name="Pahars" min="55" />
			<scorer name="Marsden" min="64" />
		</away>
	</result>
	<result date="2002-01-01" attendance="43710">
		<home team="Liverpool" score="1">
			<scorer name="Gerrard" min="50" />
		</home>
		<away team="Bolton Wanderers" score="1">
			<scorer name="Nolan" min="78" />
		</away>
	</result>
	<result date="2002-01-01" attendance="27463">
		<home team="Middlesbrough" score="1">
			<scorer name="Festa" min="50" />
		</home>
		<away team="Everton" score="0" />
	</result>
	<result date="2002-01-01" attendance="45324">
		<home team="Sunderland" score="1">
			<scorer name="Thome" min="86" />
		</home>
		<away team="Aston Villa" score="1">
			<scorer name="Taylor" min="59" />
		</away>
	</result>
	<result date="2002-01-01" attendance="35131">
		<home team="Tottenham Hotspur" score="1">
			<scorer name="Richards" min="45" />
		</home>
		<away team="Blackburn Rovers" score="0" />
	</result>
	<result date="2002-01-01" attendance="39320">
		<home team="Leeds United" score="3">
			<scorer name="Viduka" min="4" />
			<scorer name="Viduka" min="7" />
			<scorer name="Fowler" min="50" />
		</home>
		<away team="West Ham United" score="0" />
	</result>
	<result date="2002-01-02" attendance="28165">
		<home team="Derby County" score="0" />
		<away team="Fulham" score="1">
			<scorer name="Carbonari" min="72" type="og" />
		</away>
	</result>
	<result date="2002-01-02" attendance="67646">
		<home team="Manchester United" score="3">
			<scorer name="Van Nistelrooy" min="24" />
			<scorer name="Scholes" min="50" />
			<scorer name="Scholes" min="62" />
		</home>
		<away team="Newcastle United" score="1">
			<scorer name="Shearer" min="69" />
		</away>
	</result>
	<result date="2002-01-09" attendance="31527">
		<home team="Southampton" score="2">
			<scorer name="Beattie" min="63" type="pen" />
			<scorer name="Riise" min="71" type="og" />
		</home>
		<away team="Liverpool" score="0" />
	</result>
	<result date="2002-01-12" attendance="28881">
		<home team="Aston Villa" score="2">
			<scorer name="Vassell" min="12" />
			<scorer name="Angel" min="26" />
		</home>
		<away team="Derby County" score="1">
			<scorer name="Powell" min="23" />
		</away>
	</result>
	<result date="2002-01-12" attendance="23365">
		<home team="Blackburn Rovers" score="4">
			<scorer name="Tugay" min="5" />
			<scorer name="Cole" min="45" />
			<scorer name="Hignett" min="85" />
			<scorer name="Jansen" min="89" />
		</home>
		<away team="Charlton Athletic" score="1">
			<scorer name="Euell" min="53" />
		</away>
	</result>
	<result date="2002-01-12" attendance="23891">
		<home team="Bolton Wanderers" score="2">
			<scorer name="Ricketts" min="56" />
			<scorer name="Nolan" min="79" />
		</home>
		<away team="Chelsea" score="2">
			<scorer name="Gudjohnsen" min="53" />
			<scorer name="Forssell" min="65" />
		</away>
	</result>
	<result date="2002-01-12" attendance="30736">
		<home team="Everton" score="1">
			<scorer name="Blomqvist" min="27" />
		</home>
		<away team="Sunderland" score="0" />
	</result>
	<result date="2002-01-12" attendance="18975">
		<home team="Fulham" score="2">
			<scorer name="Saha" min="40" />
			<scorer name="Marlet" min="45" />
		</home>
		<away team="Middlesbrough" score="1">
			<scorer name="Cooper" min="8" />
		</away>
	</result>
	<result date="2002-01-12" attendance="25077">
		<home team="Ipswich Town" score="2">
			<scorer name="Marcus Bent" min="12" />
			<scorer name="McGreal" min="81" />
		</home>
		<away team="Tottenham Hotspur" score="1">
			<scorer name="Poyet" min="58" />
		</away>
	</result>
	<result date="2002-01-12" attendance="52130">
		<home team="Newcastle United" score="3">
			<scorer name="Duberry" min="44" type="og" />
			<scorer name="Dyer" min="60" />
			<scorer name="Bellamy" min="87" />
		</home>
		<away team="Leeds United" score="1">
			<scorer name="Smith" min="1" />
		</away>
	</result>
	<result date="2002-01-12" attendance="34698">
		<home team="West Ham United" score="1">
			<scorer name="Di Canio" min="36" />
		</home>
		<away team="Leicester City" score="0" />
	</result>
	<result date="2002-01-13" attendance="31858">
		<home team="Southampton" score="1">
			<scorer name="Beattie" min="3" />
		</home>
		<away team="Manchester United" score="3">
			<scorer name="Van Nistelrooy" min="9" />
			<scorer name="Beckham" min="45" />
			<scorer name="Solskjaer" min="63" />
		</away>
	</result>
	<result date="2002-01-13" attendance="38132">
		<home team="Arsenal" score="1">
			<scorer name="Ljungberg" min="62" />
		</home>
		<away team="Liverpool" score="1">
			<scorer name="Riise" min="69" />
		</away>
	</result>
	<result date="2002-01-19" attendance="29658">
		<home team="Derby County" score="1">
			<scorer name="Christie" min="79" />
		</home>
		<away team="Ipswich Town" score="3">
			<scorer name="Marcus Bent" min="47" />
			<scorer name="Peralta" min="67" />
			<scorer name="Reuser" min="87" />
		</away>
	</result>
	<result date="2002-01-19" attendance="21354">
		<home team="Leicester City" score="0" />
		<away team="Newcastle United" score="0" />
	</result>
	<result date="2002-01-19" attendance="43710">
		<home team="Liverpool" score="1">
			<scorer name="Owen" min="8" />
		</home>
		<away team="Southampton" score="1">
			<scorer name="Davies" min="46" />
		</away>
	</result>
	<result date="2002-01-19" attendance="67552">
		<home team="Manchester United" score="2">
			<scorer name="Van Nistelrooy" min="45" type="pen" />
			<scorer name="Keane" min="81" />
		</home>
		<away team="Blackburn Rovers" score="1">
			<scorer name="Hignett" min="49" />
		</away>
	</result>
	<result date="2002-01-19" attendance="26104">
		<home team="Middlesbrough" score="1">
			<scorer name="Whelan" min="38" />
		</home>
		<away team="Bolton Wanderers" score="1">
			<scorer name="Hansen" min="73" />
		</away>
	</result>
	<result date="2002-01-19" attendance="45124">
		<home team="Sunderland" score="1">
			<scorer name="Phillips" min="67" />
		</home>
		<away team="Fulham" score="1">
			<scorer name="Malbranque" min="15" />
		</away>
	</result>
	<result date="2002-01-19" attendance="36056">
		<home team="Tottenham Hotspur" score="1">
			<scorer name="Ferdinand" min="5" />
		</home>
		<away team="Everton" score="1">
			<scorer name="Weir" min="8" />
		</away>
	</result>
	<result date="2002-01-20" attendance="40035">
		<home team="Chelsea" score="5">
			<scorer name="Hasselbaink" min="45" />
			<scorer name="Hasselbaink" min="60" />
			<scorer name="Gudjohnsen" min="51" />
			<scorer name="Gudjohnsen" min="87" />
			<scorer name="Forssell" min="90" />
		</home>
		<away team="West Ham United" score="1">
			<scorer name="Defoe" min="88" />
		</away>
	</result>
	<result date="2002-01-20" attendance="40143">
		<home team="Leeds United" score="1">
			<scorer name="Fowler" min="6" />
		</home>
		<away team="Arsenal" score="1">
			<scorer name="Pires" min="45" />
		</away>
	</result>
	<result date="2002-01-21" attendance="25681">
		<home team="Charlton Athletic" score="1">
			<scorer name="Stuart" min="86" />
		</home>
		<away team="Aston Villa" score="2">
			<scorer name="Vassell" min="8" />
			<scorer name="Angel" min="42" />
		</away>
	</result>
	<result date="2002-01-22" attendance="67599">
		<home team="Manchester United" score="0" />
		<away team="Liverpool" score="1">
			<scorer name="Murphy" min="85" />
		</away>
	</result>
	<result date="2002-01-23" attendance="21344">
		<home team="Leicester City" score="1">
			<scorer name="Izzet" min="68" />
		</home>
		<away team="Arsenal" score="3">
			<scorer name="Van Bronckhorst" min="33" />
			<scorer name="Henry" min="43" />
			<scorer name="Wiltord" min="90" />
		</away>
	</result>
	<result date="2002-01-29" attendance="25387">
		<home team="Charlton Athletic" score="1">
			<scorer name="BartWilliams" min="79" />
		</home>
		<away team="Derby County" score="0" />
	</result>
	<result date="2002-01-29" attendance="44579">
		<home team="Sunderland" score="0" />
		<away team="Middlesbrough" score="1">
			<scorer name="Whelan" min="14" />
		</away>
	</result>
	<result date="2002-01-29" attendance="27350">
		<home team="Bolton Wanderers" score="0" />
		<away team="Manchester United" score="4">
			<scorer name="Solskjaer" min="15" />
			<scorer name="Solskjaer" min="39" />
			<scorer name="Solskjaer" min="64" />
			<scorer name="Van Nistelrooy" min="84" />
		</away>
	</result>
	<result date="2002-01-30" attendance="32460">
		<home team="Aston Villa" score="0" />
		<away team="Everton" score="0" />
	</result>
	<result date="2002-01-30" attendance="25893">
		<home team="Blackburn Rovers" score="2">
			<scorer name="Jansen" min="31" />
			<scorer name="Jansen" min="39" />
		</home>
		<away team="Arsenal" score="3">
			<scorer name="Bergkamp" min="14" />
			<scorer name="Bergkamp" min="75" />
			<scorer name="Henry" min="21" />
		</away>
	</result>
	<result date="2002-01-30" attendance="25156">
		<home team="Ipswich Town" score="1">
			<scorer name="Marcus Bent" min="10" />
		</home>
		<away team="Fulham" score="0" />
	</result>
	<result date="2002-01-30" attendance="31879">
		<home team="Southampton" score="2">
			<scorer name="Davies" min="43" />
			<scorer name="Fernandes" min="66" />
		</home>
		<away team="West Ham United" score="0" />
	</result>
	<result date="2002-01-30" attendance="35798">
		<home team="Tottenham Hotspur" score="1">
			<scorer name="Iversen" min="17" />
		</home>
		<away team="Newcastle United" score="3">
			<scorer name="Acuna" min="67" />
			<scorer name="Shearer" min="69" />
			<scorer name="Bellamy" min="78" />
		</away>
	</result>
	<result date="2002-01-30" attendance="40614">
		<home team="Chelsea" score="2">
			<scorer name="Gudjohnsen" min="2" />
			<scorer name="Dalla Bona" min="31" />
		</home>
		<away team="Leeds United" score="0" />
	</result>
	<result date="2002-01-30" attendance="42305">
		<home team="Liverpool" score="1">
			<scorer name="Heskey" min="57" />
		</home>
		<away team="Leicester City" score="0" />
	</result>
	<result date="2002-02-02" attendance="27721">
		<home team="Derby County" score="1">
			<scorer name="Morris" min="43" />
		</home>
		<away team="Tottenham Hotspur" score="0" />
	</result>
	<result date="2002-02-02" attendance="38024">
		<home team="Arsenal" score="1">
			<scorer name="Wiltord" min="40" />
		</home>
		<away team="Southampton" score="1">
			<scorer name="Tessem" min="80" />
		</away>
	</result>
	<result date="2002-02-02" attendance="33069">
		<home team="Everton" score="1">
			<scorer name="Unsworth" min="28" type="pen" />
		</home>
		<away team="Ipswich Town" score="2">
			<scorer name="Peralta" min="11" />
			<scorer name="Holland" min="44" />
		</away>
	</result>
	<result date="2002-02-02" attendance="20041">
		<home team="Fulham" score="0" />
		<away team="Aston Villa" score="0" />
	</result>
	<result date="2002-02-02" attendance="19950">
		<home team="Leicester City" score="2">
			<scorer name="Scowcroft" min="24" />
			<scorer name="Scowcroft" min="68" />
		</home>
		<away team="Chelsea" score="3">
			<scorer name="Hasselbaink" min="62" />
			<scorer name="Hasselbaink" min="90" />
			<scorer name="Zola" min="79" />
		</away>
	</result>
	<result date="2002-02-02" attendance="67587">
		<home team="Manchester United" score="4">
			<scorer name="Phil Neville" min="6" />
			<scorer name="Beckham" min="25" />
			<scorer name="Van Nistelrooy" min="28" type="pen" />
			<scorer name="Van Nistelrooy" min="44" />
		</home>
		<away team="Sunderland" score="1">
			<scorer name="Phillips" min="12" />
		</away>
	</result>
	<result date="2002-02-02" attendance="52094">
		<home team="Newcastle United" score="3">
			<scorer name="Shearer" min="23" />
			<scorer name="Shearer" min="43" />
			<scorer name="Bellamy" min="79" />
		</home>
		<away team="Bolton Wanderers" score="2">
			<scorer name="Gardner" min="19" />
			<scorer name="Southall" min="34" />
		</away>
	</result>
	<result date="2002-02-02" attendance="35307">
		<home team="West Ham United" score="2">
			<scorer name="Sinclair" min="17" />
			<scorer name="Kanoute" min="56" />
		</home>
		<away team="Blackburn Rovers" score="0" />
	</result>
	<result date="2002-02-03" attendance="40216">
		<home team="Leeds United" score="0" />
		<away team="Liverpool" score="4">
			<scorer name="Ferdinand" min="16" type="og" />
			<scorer name="Heskey" min="61" />
			<scorer name="Heskey" min="63" />
			<scorer name="Owen" min="90" />
		</away>
	</result>
	<result date="2002-02-03" attendance="24189">
		<home team="Middlesbrough" score="0" />
		<away team="Charlton Athletic" score="0" />
	</result>
	<result date="2002-02-09" attendance="41137">
		<home team="Aston Villa" score="1">
			<scorer name="Merson" min="28" />
		</home>
		<away team="Chelsea" score="1">
			<scorer name="Lampard" min="65" />
		</away>
	</result>
	<result date="2002-02-09" attendance="24342">
		<home team="Bolton Wanderers" score="1">
			<scorer name="Gardner" min="38" />
		</home>
		<away team="West Ham United" score="0" />
	</result>
	<result date="2002-02-09" attendance="31771">
		<home team="Derby County" score="0" />
		<away team="Sunderland" score="1">
			<scorer name="Quinn" min="81" />
		</away>
	</result>
	<result date="2002-02-09" attendance="19580">
		<home team="Fulham" score="2">
			<scorer name="Hayles" min="31" />
			<scorer name="Malbranque" min="63" />
		</home>
		<away team="Blackburn Rovers" score="0" />
	</result>
	<result date="2002-02-09" attendance="25608">
		<home team="Ipswich Town" score="0" />
		<away team="Liverpool" score="6">
			<scorer name="Xavier" min="16" />
			<scorer name="Heskey" min="43" />
			<scorer name="Heskey" min="90" />
			<scorer name="Hyypia" min="52" />
			<scorer name="Owen" min="62" />
			<scorer name="Owen" min="71" />
		</away>
	</result>
	<result date="2002-02-09" attendance="30221">
		<home team="Middlesbrough" score="2">
			<scorer name="Ince" min="51" />
			<scorer name="Windass" min="88" />
		</home>
		<away team="Leeds United" score="2">
			<scorer name="Bakke" min="19" />
			<scorer name="Fowler" min="54" />
		</away>
	</result>
	<result date="2002-02-09" attendance="51857">
		<home team="Newcastle United" score="3">
			<scorer name="Robert" min="24" />
			<scorer name="Shearer" min="29" />
			<scorer name="Shearer" min="45" type="pen" />
		</home>
		<away team="Southampton" score="1">
			<scorer name="Pahars" min="39" />
		</away>
	</result>
	<result date="2002-02-09" attendance="35973">
		<home team="Tottenham Hotspur" score="2">
			<scorer name="Anderton" min="37" />
			<scorer name="Davies" min="61" />
		</home>
		<away team="Leicester City" score="1">
			<scorer name="Oakes" min="79" />
		</away>
	</result>
	<result date="2002-02-10" attendance="26475">
		<home team="Charlton Athletic" score="0" />
		<away team="Manchester United" score="2">
			<scorer name="Solskjaer" min="33" />
			<scorer name="Solskjaer" min="74" />
		</away>
	</result>
	<result date="2002-02-10" attendance="30859">
		<home team="Everton" score="0" />
		<away team="Arsenal" score="1">
			<scorer name="Wiltord" min="62" />
		</away>
	</result>
	<result date="2002-02-19" attendance="26235">
		<home team="Middlesbrough" score="2">
			<scorer name="Boksic" min="26" />
			<scorer name="Nemeth" min="77" />
		</home>
		<away team="Fulham" score="1">
			<scorer name="Marlet" min="56" />
		</away>
	</result>
	<result date="2002-02-23" attendance="67592">
		<home team="Manchester United" score="1">
			<scorer name="Van Nistelrooy" min="50" />
		</home>
		<away team="Aston Villa" score="0" />
	</result>
	<result date="2002-02-23" attendance="38029">
		<home team="Arsenal" score="4">
			<scorer name="Lauren" min="5" />
			<scorer name="Vieira" min="15" />
			<scorer name="Henry" min="38" />
			<scorer name="Henry" min="59" />
		</home>
		<away team="Fulham" score="1">
			<scorer name="Marlet" min="10" />
		</away>
	</result>
	<result date="2002-02-23" attendance="21620">
		<home team="Leicester City" score="0" />
		<away team="Derby County" score="3">
			<scorer name="Kinkladze" min="53" />
			<scorer name="Strupar" min="64" />
			<scorer name="Morris" min="89" />
		</away>
	</result>
	<result date="2002-02-23" attendance="44371">
		<home team="Liverpool" score="1">
			<scorer name="Anelka" min="72" />
		</home>
		<away team="Everton" score="1">
			<scorer name="Radzinski" min="52" />
		</away>
	</result>
	<result date="2002-02-23" attendance="31380">
		<home team="Southampton" score="0" />
		<away team="Bolton Wanderers" score="0" />
	</result>
	<result date="2002-02-23" attendance="35420">
		<home team="West Ham United" score="1">
			<scorer name="Kanoute" min="76" />
		</home>
		<away team="Middlesbrough" score="0" />
	</result>
	<result date="2002-02-24" attendance="48290">
		<home team="Sunderland" score="0" />
		<away team="Newcastle United" score="1">
			<scorer name="Dabizas" min="64" />
		</away>
	</result>
	<result date="2002-02-24" attendance="39374">
		<home team="Leeds United" score="0" />
		<away team="Charlton Athletic" score="0" />
	</result>
	<result date="2002-03-02" attendance="37341">
		<home team="Aston Villa" score="2">
			<scorer name="Angel" min="23" />
			<scorer name="Vassell" min="89" />
		</home>
		<away team="West Ham United" score="1">
			<scorer name="Di Canio" min="12" type="pen" />
		</away>
	</result>
	<result date="2002-03-02" attendance="27203">
		<home team="Bolton Wanderers" score="1">
			<scorer name="Wallace" min="45" />
		</home>
		<away team="Blackburn Rovers" score="1">
			<scorer name="Jansen" min="68" />
		</away>
	</result>
	<result date="2002-03-02" attendance="26354">
		<home team="Charlton Athletic" score="2">
			<scorer name="Euell" min="72" />
			<scorer name="Euell" min="89" />
		</home>
		<away team="Chelsea" score="1">
			<scorer name="Lampard" min="83" />
		</away>
	</result>
	<result date="2002-03-02" attendance="21103">
		<home team="Fulham" score="0" />
		<away team="Liverpool" score="2">
			<scorer name="Anelka" min="14" />
			<scorer name="Litmanen" min="90" />
		</away>
	</result>
	<result date="2002-03-02" attendance="25440">
		<home team="Ipswich Town" score="1">
			<scorer name="George" min="82" />
		</home>
		<away team="Southampton" score="3">
			<scorer name="Delap" min="52" />
			<scorer name="Ormerod" min="61" />
			<scorer name="Marsden" min="88" />
		</away>
	</result>
	<result date="2002-03-02" attendance="25734">
		<home team="Middlesbrough" score="1">
			<scorer name="Sinclair" min="4" type="og" />
		</home>
		<away team="Leicester City" score="0" />
	</result>
	<result date="2002-03-02" attendance="36062">
		<home team="Tottenham Hotspur" score="2">
			<scorer name="Poyet" min="31" />
			<scorer name="Ferdinand" min="63" />
		</home>
		<away team="Sunderland" score="1">
			<scorer name="Mboma" min="45" />
		</away>
	</result>
	<result date="2002-03-02" attendance="52067">
		<home team="Newcastle United" score="0" />
		<away team="Arsenal" score="2">
			<scorer name="Bergkamp" min="11" />
			<scorer name="Campbell" min="41" />
		</away>
	</result>
	<result date="2002-03-03" attendance="33226">
		<home team="Everton" score="0" />
		<away team="Leeds United" score="0" />
	</result>
	<result date="2002-03-03" attendance="33041">
		<home team="Derby County" score="2">
			<scorer name="Christie" min="8" />
			<scorer name="Christie" min="77" />
		</home>
		<away team="Manchester United" score="2">
			<scorer name="Scholes" min="41" />
			<scorer name="Veron" min="60" />
		</away>
	</result>
	<result date="2002-03-05" attendance="37878">
		<home team="Arsenal" score="1">
			<scorer name="Pires" min="69" />
		</home>
		<away team="Derby County" score="0" />
	</result>
	<result date="2002-03-05" attendance="21988">
		<home team="Blackburn Rovers" score="3">
			<scorer name="Dunn" min="7" />
			<scorer name="Duff" min="85" />
			<scorer name="Cole" min="89" />
		</home>
		<away team="Aston Villa" score="0" />
	</result>
	<result date="2002-03-05" attendance="43011">
		<home team="Sunderland" score="1">
			<scorer name="McAteer" min="42" />
		</home>
		<away team="Bolton Wanderers" score="0" />
	</result>
	<result date="2002-03-06" attendance="39744">
		<home team="Chelsea" score="3">
			<scorer name="Melchiot" min="18" />
			<scorer name="Gudjohnsen" min="29" />
			<scorer name="Forssell" min="82" />
		</home>
		<away team="Fulham" score="2">
			<scorer name="Saha" min="20" type="pen" />
			<scorer name="Saha" min="73" />
		</away>
	</result>
	<result date="2002-03-06" attendance="39414">
		<home team="Leeds United" score="2">
			<scorer name="Fowler" min="46" />
			<scorer name="Harte" min="78" type="pen" />
		</home>
		<away team="Ipswich Town" score="0" />
	</result>
	<result date="2002-03-06" attendance="28931">
		<home team="Southampton" score="1">
			<scorer name="Svensson" min="38" />
		</home>
		<away team="Middlesbrough" score="1">
			<scorer name="Whelan" min="57" />
		</away>
	</result>
	<result date="2002-03-06" attendance="29883">
		<home team="West Ham United" score="1">
			<scorer name="Sinclair" min="59" />
		</home>
		<away team="Everton" score="0" />
	</result>
	<result date="2002-03-06" attendance="44204">
		<home team="Liverpool" score="3">
			<scorer name="Murphy" min="32" />
			<scorer name="Murphy" min="53" />
			<scorer name="Hamann" min="75" />
		</home>
		<away team="Newcastle United" score="0" />
	</result>
	<result date="2002-03-06" attendance="67059">
		<home team="Manchester United" score="4">
			<scorer name="Beckham" min="15" />
			<scorer name="Beckham" min="64" />
			<scorer name="Van Nistelrooy" min="43" type="pen" />
			<scorer name="Van Nistelrooy" min="76" />
		</home>
		<away team="Tottenham Hotspur" score="0" />
	</result>
	<result date="2002-03-09" attendance="18562">
		<home team="Leicester City" score="1">
			<scorer name="Scowcroft" min="20" />
		</home>
		<away team="Charlton Athletic" score="1">
			<scorer name="Euell" min="42" />
		</away>
	</result>
	<result date="2002-03-13" attendance="23305">
		<home team="Blackburn Rovers" score="2">
			<scorer name="Duff" min="20" />
			<scorer name="Cole" min="43" />
		</home>
		<away team="Ipswich Town" score="1">
			<scorer name="Stewart" min="55" />
		</away>
	</result>
	<result date="2002-03-13" attendance="39652">
		<home team="Chelsea" score="4">
			<scorer name="Hasselbaink" min="24" />
			<scorer name="Hasselbaink" min="69" />
			<scorer name="Hasselbaink" min="81" />
			<scorer name="Lampard" min="90" />
		</home>
		<away team="Tottenham Hotspur" score="0" />
	</result>
	<result date="2002-03-16" attendance="31253">
		<home team="Middlesbrough" score="1">
			<scorer name="Southgate" min="89" />
		</home>
		<away team="Liverpool" score="2">
			<scorer name="Heskey" min="33" />
			<scorer name="Riise" min="84" />
		</away>
	</result>
	<result date="2002-03-16" attendance="25893">
		<home team="Bolton Wanderers" score="1">
			<scorer name="Gardner" min="46" />
		</home>
		<away team="Derby County" score="3">
			<scorer name="Christie" min="22" />
			<scorer name="Ravanelli" min="53" />
			<scorer name="Higginbotham" min="87" type="pen" />
		</away>
	</result>
	<result date="2002-03-16" attendance="40218">
		<home team="Chelsea" score="4">
			<scorer name="Gallas" min="24" />
			<scorer name="Gudjohnsen" min="73" />
			<scorer name="Forssell" min="84" />
			<scorer name="Dalla Bona" min="90" />
		</home>
		<away team="Sunderland" score="0" />
	</result>
	<result date="2002-03-16" attendance="34639">
		<home team="Everton" score="2">
			<scorer name="Unsworth" min="1" />
			<scorer name="Ferguson" min="13" />
		</home>
		<away team="Fulham" score="1">
			<scorer name="Malbranque" min="52" />
		</away>
	</result>
	<result date="2002-03-16" attendance="51115">
		<home team="Newcastle United" score="2">
			<scorer name="Robert" min="60" />
			<scorer name="Shearer" min="88" />
		</home>
		<away team="Ipswich Town" score="2">
			<scorer name="Marcus Bent" min="50" />
			<scorer name="Marcus Bent" min="63" />
		</away>
	</result>
	<result date="2002-03-16" attendance="30012">
		<home team="Southampton" score="2">
			<scorer name="Pahars" min="29" />
			<scorer name="Pahars" min="87" type="pen" />
		</home>
		<away team="Leicester City" score="2">
			<scorer name="Deane" min="21" />
			<scorer name="Deane" min="25" />
		</away>
	</result>
	<result date="2002-03-16" attendance="35281">
		<home team="West Ham United" score="3">
			<scorer name="Lomas" min="8" />
			<scorer name="Kanoute" min="20" />
			<scorer name="Defoe" min="78" />
		</home>
		<away team="Manchester United" score="5">
			<scorer name="Beckham" min="17" />
			<scorer name="Beckham" min="89" type="pen" />
			<scorer name="Butt" min="22" />
			<scorer name="Scholes" min="55" />
			<scorer name="Solskjaer" min="64" />
		</away>
	</result>
	<result date="2002-03-17" attendance="39857">
		<home team="Leeds United" score="3">
			<scorer name="Fowler" min="5" />
			<scorer name="Fowler" min="8" />
			<scorer name="Kewell" min="71" />
		</home>
		<away team="Blackburn Rovers" score="1">
			<scorer name="Jansen" min="49" />
		</away>
	</result>
	<result date="2002-03-17" attendance="41520">
		<home team="Aston Villa" score="1">
			<scorer name="Dublin" min="69" />
		</home>
		<away team="Arsenal" score="2">
			<scorer name="Edu" min="15" />
			<scorer name="Pires" min="60" />
		</away>
	</result>
	<result date="2002-03-18" attendance="29602">
		<home team="Tottenham Hotspur" score="0" />
		<away team="Charlton Athletic" score="1">
			<scorer name="Powell" min="70" />
		</away>
	</result>
	<result date="2002-03-23" attendance="26358">
		<home team="Charlton Athletic" score="1">
			<scorer name="Johansson" min="52" />
		</home>
		<away team="Bolton Wanderers" score="2">
			<scorer name="Djorkaeff" min="15" />
			<scorer name="Djorkaeff" min="39" />
		</away>
	</result>
	<result date="2002-03-23" attendance="33297">
		<home team="Derby County" score="3">
			<scorer name="Strupar" min="57" />
			<scorer name="Strupar" min="81" />
			<scorer name="Morris" min="76" />
		</home>
		<away team="Everton" score="4">
			<scorer name="Unsworth" min="38" />
			<scorer name="Stubbs" min="52" />
			<scorer name="Alexandersson" min="54" />
			<scorer name="Ferguson" min="71" />
		</away>
	</result>
	<result date="2002-03-23" attendance="25247">
		<home team="Ipswich Town" score="0" />
		<away team="Aston Villa" score="0" />
	</result>
	<result date="2002-03-23" attendance="18976">
		<home team="Leicester City" score="0" />
		<away team="Leeds United" score="2">
			<scorer name="Viduka" min="18" />
			<scorer name="Fowler" min="31" />
		</away>
	</result>
	<result date="2002-03-23" attendance="67683">
		<home team="Manchester United" score="0" />
		<away team="Middlesbrough" score="1">
			<scorer name="Boksic" min="9" />
		</away>
	</result>
	<result date="2002-03-23" attendance="46120">
		<home team="Sunderland" score="1">
			<scorer name="McAteer" min="62" />
		</home>
		<away team="Southampton" score="1">
			<scorer name="Tessem" min="88" />
		</away>
	</result>
	<result date="2002-03-24" attendance="44203">
		<home team="Liverpool" score="1">
			<scorer name="Smicer" min="90" />
		</home>
		<away team="Chelsea" score="0" />
	</result>
	<result date="2002-03-24" attendance="15885">
		<home team="Fulham" score="0" />
		<away team="Tottenham Hotspur" score="2">
			<scorer name="Sheringham" min="28" />
			<scorer name="Poyet" min="31" />
		</away>
	</result>
	<result date="2002-03-29" attendance="51921">
		<home team="Newcastle United" score="6">
			<scorer name="Shearer" min="13" />
			<scorer name="Cort" min="15" />
			<scorer name="O'Brien" min="59" />
			<scorer name="Solano" min="71" />
			<scorer name="Solano" min="73" />
			<scorer name="Bernard" min="88" />
		</home>
		<away team="Everton" score="2">
			<scorer name="Ferguson" min="6" />
			<scorer name="Alexandersson" min="34" />
		</away>
	</result>
	<result date="2002-03-30" attendance="40058">
		<home team="Leeds United" score="3">
			<scorer name="Viduka" min="20" />
			<scorer name="Harte" min="62" />
			<scorer name="Bowyer" min="80" />
		</home>
		<away team="Manchester United" score="4">
			<scorer name="Scholes" min="9" />
			<scorer name="Solskjaer" min="37" />
			<scorer name="Solskjaer" min="39" />
			<scorer name="Giggs" min="55" />
		</away>
	</result>
	<result date="2002-03-30" attendance="38047">
		<home team="Arsenal" score="3">
			<scorer name="Vieira" min="2" />
			<scorer name="Bergkamp" min="4" />
			<scorer name="Wiltord" min="30" />
		</home>
		<away team="Sunderland" score="0" />
	</result>
	<result date="2002-03-30" attendance="24600">
		<home team="Bolton Wanderers" score="3">
			<scorer name="Delaney" min="8" type="og" />
			<scorer name="Bobic" min="40" />
			<scorer name="Nolan" min="76" />
		</home>
		<away team="Aston Villa" score="2">
			<scorer name="Warhurst" min="15" type="og" />
			<scorer name="Taylor" min="17" />
		</away>
	</result>
	<result date="2002-03-30" attendance="37849">
		<home team="Chelsea" score="2">
			<scorer name="Terry" min="50" />
			<scorer name="Petit" min="86" />
		</home>
		<away team="Derby County" score="1">
			<scorer name="Strupar" min="60" />
		</away>
	</result>
	<result date="2002-03-30" attendance="16236">
		<home team="Leicester City" score="2">
			<scorer name="Dickov" min="9" />
			<scorer name="Dickov" min="77" />
		</home>
		<away team="Blackburn Rovers" score="1">
			<scorer name="Hughes" min="46" />
		</away>
	</result>
	<result date="2002-03-30" attendance="44094">
		<home team="Liverpool" score="2">
			<scorer name="Smicer" min="23" />
			<scorer name="Owen" min="36" />
		</home>
		<away team="Charlton Athletic" score="0" />
	</result>
	<result date="2002-03-30" attendance="31616">
		<home team="Southampton" score="1">
			<scorer name="Delap" min="22" />
		</home>
		<away team="Fulham" score="1">
			<scorer name="Marlet" min="7" />
		</away>
	</result>
	<result date="2002-03-30" attendance="33871">
		<home team="West Ham United" score="3">
			<scorer name="Lomas" min="36" />
			<scorer name="Di Canio" min="74" />
			<scorer name="Defoe" min="86" />
		</home>
		<away team="Ipswich Town" score="1">
			<scorer name="Marcus Bent" min="71" />
		</away>
	</result>
	<result date="2002-03-30" attendance="31258">
		<home team="Middlesbrough" score="1">
			<scorer name="Queudrue" min="69" />
		</home>
		<away team="Tottenham Hotspur" score="1">
			<scorer name="Iversen" min="32" />
		</away>
	</result>
	<result date="2002-04-01" attendance="26339">
		<home team="Charlton Athletic" score="0" />
		<away team="Arsenal" score="3">
			<scorer name="Henry" min="16" />
			<scorer name="Henry" min="25" />
			<scorer name="Ljungberg" min="21" />
		</away>
	</result>
	<result date="2002-04-01" attendance="30822">
		<home team="Derby County" score="0" />
		<away team="Middlesbrough" score="1">
			<scorer name="Mustoe" min="12" />
		</away>
	</result>
	<result date="2002-04-01" attendance="39784">
		<home team="Everton" score="3">
			<scorer name="Pistone" min="41" />
			<scorer name="Radzinski" min="57" />
			<scorer name="Chadwick" min="86" />
		</home>
		<away team="Bolton Wanderers" score="1">
			<scorer name="N'Gotty" min="75" />
		</away>
	</result>
	<result date="2002-04-01" attendance="19416">
		<home team="Fulham" score="0" />
		<away team="West Ham United" score="1">
			<scorer name="Kanoute" min="45" />
		</away>
	</result>
	<result date="2002-04-01" attendance="28053">
		<home team="Ipswich Town" score="0" />
		<away team="Chelsea" score="0" />
	</result>
	<result date="2002-04-01" attendance="44950">
		<home team="Sunderland" score="2">
			<scorer name="Reyna" min="3" />
			<scorer name="Reyna" min="18" />
		</home>
		<away team="Leicester City" score="1">
			<scorer name="Dickov" min="9" />
		</away>
	</result>
	<result date="2002-04-01" attendance="35167">
		<home team="Tottenham Hotspur" score="2">
			<scorer name="Iversen" min="10" />
			<scorer name="Sheringham" min="29" />
		</home>
		<away team="Leeds United" score="1">
			<scorer name="Viduka" min="52" />
		</away>
	</result>
	<result date="2002-04-01" attendance="28851">
		<home team="Blackburn Rovers" score="2">
			<scorer name="Duff" min="27" />
			<scorer name="Yordi" min="29" />
		</home>
		<away team="Southampton" score="0" />
	</result>
	<result date="2002-04-02" attendance="36597">
		<home team="Aston Villa" score="1">
			<scorer name="Crouch" min="26" />
		</home>
		<away team="Newcastle United" score="1">
			<scorer name="Shearer" min="3" />
		</away>
	</result>
	<result date="2002-04-06" attendance="21447">
		<home team="Leicester City" score="0" />
		<away team="Manchester United" score="1">
			<scorer name="Solskjaer" min="61" />
		</away>
	</result>
	<result date="2002-04-06" attendance="38186">
		<home team="Arsenal" score="2">
			<scorer name="Ljungberg" min="24" />
			<scorer name="Lauren" min="86" type="pen" />
		</home>
		<away team="Tottenham Hotspur" score="1">
			<scorer name="Sheringham" min="81" type="pen" />
		</away>
	</result>
	<result date="2002-04-06" attendance="25817">
		<home team="Bolton Wanderers" score="4">
			<scorer name="Bobic" min="2" />
			<scorer name="Bobic" min="30" />
			<scorer name="Bobic" min="38" />
			<scorer name="Djorkaeff" min="35" />
		</home>
		<away team="Ipswich Town" score="1">
			<scorer name="Clapham" min="90" />
		</away>
	</result>
	<result date="2002-04-06" attendance="40545">
		<home team="Chelsea" score="3">
			<scorer name="Hasselbaink" min="26" />
			<scorer name="Hasselbaink" min="44" />
			<scorer name="Zola" min="90" />
		</home>
		<away team="Everton" score="0" />
	</result>
	<result date="2002-04-06" attendance="26003">
		<home team="Middlesbrough" score="2">
			<scorer name="Carbone" min="39" />
			<scorer name="Ehiogu" min="65" />
		</home>
		<away team="Aston Villa" score="1">
			<scorer name="Angel" min="60" />
		</away>
	</result>
	<result date="2002-04-06" attendance="29263">
		<home team="Southampton" score="2">
			<scorer name="Oakley" min="29" />
			<scorer name="Pahars" min="55" />
		</home>
		<away team="Derby County" score="0" />
	</result>
	<result date="2002-04-06" attendance="32389">
		<home team="West Ham United" score="2">
			<scorer name="Di Canio" min="23" type="pen" />
			<scorer name="Kanoute" min="34" />
		</home>
		<away team="Charlton Athletic" score="0" />
	</result>
	<result date="2002-04-07" attendance="39195">
		<home team="Leeds United" score="2">
			<scorer name="Craddock" min="8" type="og" />
			<scorer name="Keane" min="83" />
		</home>
		<away team="Sunderland" score="0" />
	</result>
	<result date="2002-04-08" attendance="50017">
		<home team="Newcastle United" score="1">
			<scorer name="Dyer" min="21" />
		</home>
		<away team="Fulham" score="1">
			<scorer name="Saha" min="77" />
		</away>
	</result>
	<result date="2002-04-10" attendance="25441">
		<home team="Blackburn Rovers" score="0" />
		<away team="Chelsea" score="0" />
	</result>
	<result date="2002-04-13" attendance="40039">
		<home team="Aston Villa" score="0" />
		<away team="Leeds United" score="1">
			<scorer name="Viduka" min="29" />
		</away>
	</result>
	<result date="2002-04-13" attendance="26557">
		<home team="Charlton Athletic" score="1">
			<scorer name="Rufus" min="17" />
		</home>
		<away team="Southampton" score="1">
			<scorer name="El Khalej" min="85" />
		</away>
	</result>
	<result date="2002-04-13" attendance="31031">
		<home team="Derby County" score="2">
			<scorer name="Christie" min="46" />
			<scorer name="Morris" min="53" />
		</home>
		<away team="Newcastle United" score="3">
			<scorer name="Robert" min="73" />
			<scorer name="Dyer" min="76" />
			<scorer name="Lua-Lua" min="90" />
		</away>
	</result>
	<result date="2002-04-13" attendance="35580">
		<home team="Everton" score="2">
			<scorer name="Chadwick" min="64" />
			<scorer name="Ferguson" min="86" />
		</home>
		<away team="Leicester City" score="2">
			<scorer name="Deane" min="18" />
			<scorer name="Deane" min="27" />
		</away>
	</result>
	<result date="2002-04-13" attendance="36083">
		<home team="Tottenham Hotspur" score="1">
			<scorer name="Sheringham" min="53" />
		</home>
		<away team="West Ham United" score="1">
			<scorer name="Pearce" min="89" />
		</away>
	</result>
	<result date="2002-04-13" attendance="48335">
		<home team="Sunderland" score="0" />
		<away team="Liverpool" score="1">
			<scorer name="Owen" min="55" />
		</away>
	</result>
</results>