﻿<?xml version="1.0" encoding="UTF-8"?>
<passengers>
	<passenger age_gender="Man">Martin Rowlinson</passenger>
	<passenger age_gender="Man">Gurb Bagh</passenger>
	<passenger age_gender="Woman">Trace Wilson</passenger>
	<passenger age_gender="Man">Mark Wilson</passenger>
	<passenger age_gender="Woman">Aya Kohara</passenger>
	<passenger age_gender="Girl">Mia Rowlinson</passenger>
	<passenger age_gender="Boy">Carl Rowlinson</passenger>
	<passenger age_gender="OAP">Mick Rowlinson</passenger>
</passengers>