<?xml version="1.0" encoding="utf-8"?>
<employees>
	<employee>
		<employeename>John Smith</employeename>
		<hourlyrate>25</hourlyrate>
		<department>Internet</department>
		<primarylanguage>VB</primarylanguage>
	</employee>
	<employee>
		<employeename>Bill Jones</employeename>
		<hourlyrate>45</hourlyrate>
		<department>Accounting</department>
		<primarylanguage>ASP</primarylanguage>
	</employee>
	<employee>
		<employeename>Richard Manning</employeename>
		<hourlyrate>150</hourlyrate>
		<department>Internet</department>
		<primarylanguage>XML</primarylanguage>
	</employee>
	<employee>
		<employeename>Jack Simmons</employeename>
		<hourlyrate>4.50</hourlyrate>
		<department>Support</department>
		<primarylanguage>HTML</primarylanguage>
	</employee>
	<employee>
		<employeename>Walter Jackson</employeename>
		<hourlyrate>20</hourlyrate>
		<department>Internet</department>
		<primarylanguage>ASP</primarylanguage>
	</employee>
	<employee>
		<employeename>Bill Ratford</employeename>
		<hourlyrate>85</hourlyrate>
		<department>Sales</department>
		<primarylanguage>COBOL</primarylanguage>
	</employee>
	<employee>
		<employeename>Bill Snakeson</employeename>
		<hourlyrate>95</hourlyrate>
		<department>Sales</department>
		<primarylanguage>HTML</primarylanguage>
	</employee>
	<employee>
		<employeename>Jessy Hammonds</employeename>
		<hourlyrate>120</hourlyrate>
		<department>Internet</department>
		<primarylanguage>XSL</primarylanguage>
	</employee>
	<employee>
		<employeename>Mark Garmand</employeename>
		<hourlyrate>29</hourlyrate>
		<department>Research</department>
		<primarylanguage>HTML</primarylanguage>
	</employee>
	<employee>
		<employeename>Robert Witherford</employeename>
		<hourlyrate>90</hourlyrate>
		<department>Engineering</department>
		<primarylanguage>C++</primarylanguage>
	</employee>
	<employee>
		<employeename>Dennis Hammer</employeename>
		<hourlyrate>50</hourlyrate>
		<department>Internet</department>
		<primarylanguage>HTML</primarylanguage>
	</employee>
	<employee>
		<employeename>Jim Miller</employeename>
		<hourlyrate>10</hourlyrate>
		<department>Support</department>
		<primarylanguage>HTML</primarylanguage>
	</employee>
	<employee>
		<employeename>Walter Duncan</employeename>
		<hourlyrate>40</hourlyrate>
		<department>Internet</department>
		<primarylanguage>ASP</primarylanguage>
	</employee>
	<employee>
		<employeename>Jack Sanford</employeename>
		<hourlyrate>35</hourlyrate>
		<department>Sales</department>
		<primarylanguage>ASP</primarylanguage>
	</employee>
	<employee>
		<employeename>Mark Henson</employeename>
		<hourlyrate>25</hourlyrate>
		<department>Sales</department>
		<primarylanguage>ADA</primarylanguage>
	</employee>
	<employee>
		<employeename>Mark Donalds</employeename>
		<hourlyrate>100</hourlyrate>
		<department>Internet</department>
		<primarylanguage>XML</primarylanguage>
	</employee>
</employees>
