<?xml version="1.0" encoding="utf-8"?>
<employees>
	<employee>
		<employeename>    John Smith    </employeename>
		<hourlyrate>    25    </hourlyrate>
		<department>    Internet</department>
		<nativelanguage>    EN</nativelanguage>>
		<primarylanguage>    VB</primarylanguage>
	</employee>
	<employee>
		<employeename>     Bill Jones    </employeename>
		<hourlyrate>     45    </hourlyrate>
		<department>     Accounting</department>
		<nativelanguage>    EN</nativelanguage>>
		<primarylanguage>    ASP</primarylanguage>
	</employee>
	<employee>
		<employeename>    Richard Manning   </employeename>
		<hourlyrate>    150 </hourlyrate>
		<department>    Internet   </department>
		<nativelanguage>    EN</nativelanguage>
		<primarylanguage>    XML</primarylanguage>
	</employee>
	<employee>
		<employeename>    Jack Simmons   </employeename>
		<hourlyrate>    4.50   </hourlyrate>
		<department>    Support   </department>
		<nativelanguage>    EN</nativelanguage>
		<primarylanguage>    HTML</primarylanguage>
	</employee>
	<employee>
		<employeename>    Walter Jackson</employeename>
		<hourlyrate>    20</hourlyrate>
		<department>    Internet</department>
		<nativelanguage>   FR</nativelanguage>
		<primarylanguage>    ASP</primarylanguage>
	</employee>
	<employee>
		<employeename>    Bill Ratford</employeename>
		<hourlyrate>     85</hourlyrate>
		<department>     Sales</department>
		<nativelanguage>SP     </nativelanguage>
		<primarylanguage>COBOL    </primarylanguage>
	</employee>
	<employee>
		<employeename>   Bill Snakeson</employeename>
		<hourlyrate>     95</hourlyrate>
		<department>    Sales</department>
		<nativelanguage>    FR</nativelanguage>
		<primarylanguage>     HTML</primarylanguage>
	</employee>
	<employee>
		<employeename>     Jessy Hammonds</employeename>
		<hourlyrate>     120</hourlyrate>
		<department>    Internet</department>
		<nativelanguage>    GR</nativelanguage>
		<primarylanguage>    XSL</primarylanguage>
	</employee>
	<employee>
		<employeename>Mark Garmand</employeename>
		<hourlyrate>29</hourlyrate>
		<department>Research</department>
		<nativelanguage>EN</nativelanguage>
		<primarylanguage>HTML</primarylanguage>
	</employee>
	<employee>
		<employeename>Robert Witherford</employeename>
		<hourlyrate>90</hourlyrate>
		<department>Engineering</department>
		<nativelanguage>SP</nativelanguage>
		<primarylanguage>C++</primarylanguage>
	</employee>
	<employee>
		<employeename>Dennis Hammer</employeename>
		<hourlyrate>50</hourlyrate>
		<department>Internet</department>
		<nativelanguage>SP</nativelanguage>
		<primarylanguage>HTML</primarylanguage>
	</employee>
	<employee>
		<employeename>Jim Miller</employeename>
		<hourlyrate>10</hourlyrate>
		<department>Support</department>
		<nativelanguage>TH</nativelanguage>
		<primarylanguage>HTML</primarylanguage>
	</employee>
	<employee>
		<employeename>Walter Duncan</employeename>
		<hourlyrate>40</hourlyrate>
		<department>Internet</department>
		<nativelanguage>FR</nativelanguage>
		<primarylanguage>ASP</primarylanguage>
	</employee>
	<employee>
		<employeename>Jack Sanford</employeename>
		<hourlyrate>35</hourlyrate>
		<department>Sales</department>
		<nativelanguage>EN</nativelanguage>
		<primarylanguage>ASP</primarylanguage>
	</employee>
	<employee>
		<employeename>Mark Henson</employeename>
		<hourlyrate>25</hourlyrate>
		<department>Sales</department>
		<nativelanguage>EN</nativelanguage>
		<primarylanguage>ADA</primarylanguage>
	</employee>
	<employee>
		<employeename>Mark Donalds</employeename>
		<hourlyrate>100</hourlyrate>
		<department>Internet</department>
		<nativelanguage>EN</nativelanguage>
		<primarylanguage>XML</primarylanguage>
	</employee>
</employees>
