<dates>
      <datesSorted>
          <date value="19271003"/>
          <date value="19321004"/>
          <date value="19530323"/>
          <date value="19640505"/>
          <date value="19920714"/>
          <date value="19990417"/>
          <date value="20001123"/>
          <date value="20010406"/>
          <date value="20020417"/>
          <date value="20100714"/>
      </datesSorted>
      <datesUnSorted>
          <date value="20100714"/>
          <date value="19321004"/>
          <date value="19920714"/>
          <date value="19530323"/>
          <date value="19990417"/>
          <date value="19271003"/>
          <date value="20001123"/>
          <date value="19640505"/>
          <date value="20020417"/>
          <date value="20010406"/>
      </datesUnSorted>
</dates>

