<?xml version="1.0" encoding="UTF-8"?>
<books>
	<book isbn="1861004370">
		<author>Sakhr Youness et al </author>
		<title>Beginning Java Databases</title>
		<publisher>Wrox Press Inc.</publisher>
	</book>
	<book isbn="1861005091">
		<author>Zoran Zaev et al</author>
		<title>Professional XML Web Services</title>
		<publisher>Wrox Press Inc.</publisher>
	</book>
  <book isbn="1861005628">
  	<author>Paul Houle et al</author>
  	<title>Early Adopter VoiceXML</title>
		<publisher>Wrox Press Inc.</publisher>
  </book>
	<book isbn="1861002092">
		<author>Ben Galbraith et al</author>
		<title>Beginning JSP Web Development</title>
		<publisher>Wrox Press Inc.</publisher>
	</book>
	<book isbn="1861005067">
		<author>Micheal Kay</author>
		<title>XSLT Programmer&apos;s Reference 2nd Edition</title>
		<publisher>Wrox Press Inc.</publisher>
	</book>
  <book isbn="1861005474">
  	<author>Stephen Mohr et al</author>
  	<title>Professional XML Schemas</title>
		<publisher>Wrox Press Inc.</publisher>
  </book>
  <book isbn="1861004516">
  	<author>Danny Ayers et al</author>
  	<title>Professional XML Meta Data</title>
		<publisher>Wrox Press Inc.</publisher>
  </book>
  <book isbn="1861005202">
  	<title>Java XML Programmer's Reference</title>
		<author>Dave Writz et al</author>
		<publisher>Wrox Press Inc.</publisher>
  </book>
  <book isbn="1861005466">
  	<title>Professional SQL Server 2000 XML</title>
		<author>Karli Watson et al</author>
		<publisher>Wrox Press Inc.</publisher>
  </book>
  <book isbn="1861005059">
  	<title>Professional XML 2nd Edition</title>
		<author>Jonathan Pinnock et al</author>
		<publisher>Wrox Press Inc.</publisher>
  </book>
  <book isbn="1861003579">
  	<title>Professional XSL</title>
		<author>Andrew Watt et al</author>
		<publisher>Wrox Press Inc.</publisher>
  </book>
  <book isbn="1861004389">
  	<title>Professional Perl Development</title>
		<author>Mark Wilcox et al</author>
		<publisher>Wrox Press Inc.</publisher>
  </book>
  <book isbn="1861004931">
  	<title>Professional JMS Programming</title>
		<author>Scott Grant et al</author>
		<publisher>Wrox Press Inc.</publisher>
  </book>
  <book isbn="1861004915">
  	<title>VB.NET Programming with the Public Beta</title>
		<author>Billy Hollis et al</author>
		<publisher>Wrox Press Inc.</publisher>
  </book>
  <book isbn="1861004818">
  	<title>Professional Java E-Commerce</title>
		<author>Dave Writz et al</author>
		<publisher>Wrox Press Inc.</publisher>
  </book>
  <book isbn="1861003293">
  	<title>Professional BizTalk</title>
		<author>Stephen Mohr et al</author>
		<publisher>Wrox Press Inc.</publisher>
  </book>
  <book isbn="1861004486">
  	<title>Professional SQL Server 2000 Programming</title>
		<author>Rob Vieira</author>
		<publisher>Wrox Press Inc.</publisher>
  </book>
  <book isbn="1861003587">
  	<title>Professional XML Databases</title>
		<author>Wrox Author Team</author>
		<publisher>Wrox Press Inc.</publisher>
  </book>
  <book isbn="1861004583">
  	<title>Beginning WAP: WML and WMLScript</title>
		<author>Soo Mee Foo et al</author>
		<publisher>Wrox Press Inc.</publisher>
  </book>
  <book isbn="1861004656">
  	<title>Professional Java Server Programming J2EE Edition</title>
		<author>Mark Wilcox et al</author>
		<publisher>Wrox Press Inc.</publisher>
  </book>
  <book isbn="1861003412">
  	<title>Beginning XML</title>
		<author>Nik Ozu et al</author>
		<publisher>Wrox Press Inc.</publisher>
  </book>
  <book isbn="1861004028">
  	<title>Professional ASP XML</title>
		<author>Mario Zucca et al</author>
		<publisher>Wrox Press Inc.</publisher>
  </book>
  <book isbn="1861003234">
  	<title>ASP 3.0 Programmer's Reference</title>
		<author>Alex Homer et al</author>
		<publisher>Wrox Press Inc.</publisher>
  </book>
  <book isbn="1861003323">
  	<title>Professional Visual Basic 6 XML</title>
		<author>Wrox Author Team et al</author>
		<publisher>Wrox Press Inc.</publisher>
  </book>
  <book isbn="1861003439">
  	<title>Beginning XHTML</title>
		<author>Frank Boumphrey et al</author>
		<publisher>Wrox Press Inc.</publisher>
  </book>
  <book isbn="1861003110">
  	<title>Professional XML</title>
		<author>Jonathan Pinnock et al</author>
		<publisher>Wrox Press Inc.</publisher>
  </book>
  <book isbn="1861002858">
  	<title>Professional Java XML Programming with Servlets and JSP</title>
		<author>Alexander Nakhimovsky et al</author>
		<publisher>Wrox Press Inc.</publisher>
  </book>
  <book isbn="1861002270">
  	<title>Designing Distributed Applications with XML, ASP, IE5, LDAP and MSMQ</title>
		<author>Stephen Mohr</author>
		<publisher>Wrox Press Inc.</publisher>
  </book>
  <book isbn="1861001576">
  	<title>XML IE5 Programmer's Reference</title>
		<author>Alex Homer</author>
		<publisher>Wrox Press Inc.</publisher>
  </book>
  <book isbn="1861002289">
  	<title>Professional XML Design and Implementation</title>
		<author>Paul Spencer</author>
		<publisher>Wrox Press Inc.</publisher>
  </book>
  <book isbn="1861001525">
  	<title>XML Applications</title>
		<author>Frank Boumphrey et al</author>
		<publisher>Wrox Press Inc.</publisher>
  </book>
  <book isbn="1861001657">
  	<title>Professional Style Sheets for HTML and XML</title>
		<author>Frank Boumphrey</author>
		<publisher>Wrox Press Inc.</publisher>
  </book>
</books>