<?xml version="1.0" encoding="utf-8"?>
<Company>
	<Category Name="Officer">
		<Employee>
			<FirstName>Tim</FirstName>
			<LastName>Browne</LastName>
			<Position>Chief Executive Officer</Position>
			<Email>TBrowne@Infoteria.com</Email>
			<Age>25</Age>
		</Employee>
		<Employee>
			<FirstName>Mike</FirstName>
			<LastName>Damphouse</LastName>
			<Position>Chief Marketing Officer</Position>
			<Email>MDamphouse@Infoteria.com</Email>
			<Age>33</Age>
		</Employee>
		<Employee>
			<FirstName>Todd</FirstName>
			<LastName>Headrick</LastName>
			<Position>Chief Technology Officer</Position>
			<Email>Theadrick@Infoteria.com</Email>
			<Age>33</Age>
		</Employee>
	</Category>
	<Category Name="VP">
		<Employee>
			<FirstName>Constance</FirstName>
			<LastName>Culp</LastName>
			<Position>Vice President of Operations</Position>
			<Email>CCulp@Infoteria.com</Email>
			<Age>33</Age>
		</Employee>
	</Category>
	<Category Name="Evangelist">
		<Employee>
			<FirstName>David</FirstName>
			<LastName>Silverlight</LastName>
			<Position>Chief XML Evangelist</Position>
			<Email>DSilverlight@XMLPitstop.com</Email>
			<Age>33</Age>
		</Employee>
	</Category>
</Company>
